{
	"credit": "Made with Blockbench",
	"texture_size": [64, 64],
	"textures": {
		"1": "./chesh",
		"particle": "./chesh"
	},
	"elements": [
		{
			"from": [2.05021, 1.3037, 4.02552],
			"to": [7.05021, 1.3037, 5.02552],
			"rotation": {"angle": 45, "axis": "z", "origin": [3, 0, 6]},
			"faces": {
				"north": {"uv": [4.5, 2.5, 5.75, 2.5], "texture": "#1"},
				"east": {"uv": [4.25, 2.5, 4.5, 2.5], "texture": "#1"},
				"south": {"uv": [6, 2.5, 7.25, 2.5], "texture": "#1"},
				"west": {"uv": [5.75, 2.5, 6, 2.5], "texture": "#1"},
				"up": {"uv": [5.75, 2.5, 4.5, 2.25], "texture": "#1"},
				"down": {"uv": [7, 2.25, 5.75, 2.5], "texture": "#1"}
			}
		},
		{
			"from": [3.05021, 1.3037, 3.02552],
			"to": [4.05021, 1.3037, 4.02552],
			"rotation": {"angle": 45, "axis": "z", "origin": [3, 0, 6]},
			"faces": {
				"north": {"uv": [1.25, 0.25, 1.5, 0.25], "texture": "#1"},
				"east": {"uv": [1, 0.25, 1.25, 0.25], "texture": "#1"},
				"south": {"uv": [1.75, 0.25, 2, 0.25], "texture": "#1"},
				"west": {"uv": [1.5, 0.25, 1.75, 0.25], "texture": "#1"},
				"up": {"uv": [1.5, 0.25, 1.25, 0], "texture": "#1"},
				"down": {"uv": [1.75, 0, 1.5, 0.25], "texture": "#1"}
			}
		},
		{
			"from": [3.05021, 1.3037, 5.02552],
			"to": [4.05021, 1.3037, 6.02552],
			"rotation": {"angle": 45, "axis": "z", "origin": [3, 0, 6]},
			"faces": {
				"north": {"uv": [1.25, 0.25, 1.5, 0.25], "texture": "#1"},
				"east": {"uv": [1, 0.25, 1.25, 0.25], "texture": "#1"},
				"south": {"uv": [1.75, 0.25, 2, 0.25], "texture": "#1"},
				"west": {"uv": [1.5, 0.25, 1.75, 0.25], "texture": "#1"},
				"up": {"uv": [1.5, 0.25, 1.25, 0], "texture": "#1"},
				"down": {"uv": [1.75, 0, 1.5, 0.25], "texture": "#1"}
			}
		},
		{
			"from": [3.78766, 8.8888, 3.88212],
			"to": [8.78766, 8.8888, 4.88212],
			"rotation": {"angle": -45, "axis": "z", "origin": [0, 0, 0]},
			"faces": {
				"north": {"uv": [4.5, 2.25, 5.75, 2.25], "texture": "#1"},
				"east": {"uv": [4.25, 2.25, 4.5, 2.25], "texture": "#1"},
				"south": {"uv": [6, 2.25, 7.25, 2.25], "texture": "#1"},
				"west": {"uv": [5.75, 2.25, 6, 2.25], "texture": "#1"},
				"up": {"uv": [5.75, 2.25, 4.5, 2], "texture": "#1"},
				"down": {"uv": [7, 2, 5.75, 2.25], "texture": "#1"}
			}
		},
		{
			"from": [6.78766, 8.8888, 2.88212],
			"to": [7.78766, 8.8888, 3.88212],
			"rotation": {"angle": -45, "axis": "z", "origin": [0, 0, 0]},
			"faces": {
				"north": {"uv": [0.25, 0.75, 0.5, 0.75], "texture": "#1"},
				"east": {"uv": [0, 0.75, 0.25, 0.75], "texture": "#1"},
				"south": {"uv": [0.75, 0.75, 1, 0.75], "texture": "#1"},
				"west": {"uv": [0.5, 0.75, 0.75, 0.75], "texture": "#1"},
				"up": {"uv": [0.5, 0.75, 0.25, 0.5], "texture": "#1"},
				"down": {"uv": [0.75, 0.5, 0.5, 0.75], "texture": "#1"}
			}
		},
		{
			"from": [6.78766, 8.8888, 4.88212],
			"to": [7.78766, 8.8888, 5.88212],
			"rotation": {"angle": -45, "axis": "z", "origin": [0, 0, 0]},
			"faces": {
				"north": {"uv": [0.25, 0.75, 0.5, 0.75], "texture": "#1"},
				"east": {"uv": [0, 0.75, 0.25, 0.75], "texture": "#1"},
				"south": {"uv": [0.75, 0.75, 1, 0.75], "texture": "#1"},
				"west": {"uv": [0.5, 0.75, 0.75, 0.75], "texture": "#1"},
				"up": {"uv": [0.5, 0.75, 0.25, 0.5], "texture": "#1"},
				"down": {"uv": [0.75, 0.5, 0.5, 0.75], "texture": "#1"}
			}
		},
		{
			"from": [1.57839, 0.438, 10.82552],
			"to": [2.57839, 0.438, 11.82552],
			"rotation": {"angle": 22.5, "axis": "z", "origin": [1, 0, 11]},
			"faces": {
				"north": {"uv": [0.25, 0.5, 0.5, 0.5], "texture": "#1"},
				"east": {"uv": [0, 0.5, 0.25, 0.5], "texture": "#1"},
				"south": {"uv": [0.75, 0.5, 1, 0.5], "texture": "#1"},
				"west": {"uv": [0.5, 0.5, 0.75, 0.5], "texture": "#1"},
				"up": {"uv": [0.5, 0.5, 0.25, 0.25], "texture": "#1"},
				"down": {"uv": [0.75, 0.25, 0.5, 0.5], "texture": "#1"}
			}
		},
		{
			"from": [1.57839, 0.438, 8.82552],
			"to": [2.57839, 0.438, 9.82552],
			"rotation": {"angle": 22.5, "axis": "z", "origin": [1, 0, 11]},
			"faces": {
				"north": {"uv": [0.25, 0.5, 0.5, 0.5], "texture": "#1"},
				"east": {"uv": [0, 0.5, 0.25, 0.5], "texture": "#1"},
				"south": {"uv": [0.75, 0.5, 1, 0.5], "texture": "#1"},
				"west": {"uv": [0.5, 0.5, 0.75, 0.5], "texture": "#1"},
				"up": {"uv": [0.5, 0.5, 0.25, 0.25], "texture": "#1"},
				"down": {"uv": [0.75, 0.25, 0.5, 0.5], "texture": "#1"}
			}
		},
		{
			"from": [0.57839, 0.438, 9.82552],
			"to": [5.57839, 0.438, 10.82552],
			"rotation": {"angle": 22.5, "axis": "z", "origin": [1, 0, 11]},
			"faces": {
				"north": {"uv": [4.5, 2, 5.75, 2], "texture": "#1"},
				"east": {"uv": [4.25, 2, 4.5, 2], "texture": "#1"},
				"south": {"uv": [6, 2, 7.25, 2], "texture": "#1"},
				"west": {"uv": [5.75, 2, 6, 2], "texture": "#1"},
				"up": {"uv": [5.75, 2, 4.5, 1.75], "texture": "#1"},
				"down": {"uv": [7, 1.75, 5.75, 2], "texture": "#1"}
			}
		},
		{
			"from": [8.29593, 1.40099, 10.82552],
			"to": [13.29593, 1.40099, 11.82552],
			"rotation": {"angle": -22.5, "axis": "z", "origin": [10, 0, 10]},
			"faces": {
				"north": {"uv": [4.5, 1.75, 5.75, 1.75], "texture": "#1"},
				"east": {"uv": [4.25, 1.75, 4.5, 1.75], "texture": "#1"},
				"south": {"uv": [6, 1.75, 7.25, 1.75], "texture": "#1"},
				"west": {"uv": [5.75, 1.75, 6, 1.75], "texture": "#1"},
				"up": {"uv": [5.75, 1.75, 4.5, 1.5], "texture": "#1"},
				"down": {"uv": [7, 1.5, 5.75, 1.75], "texture": "#1"}
			}
		},
		{
			"from": [11.29593, 1.40099, 11.82552],
			"to": [12.29593, 1.40099, 12.82552],
			"rotation": {"angle": -22.5, "axis": "z", "origin": [10, 0, 10]},
			"faces": {
				"north": {"uv": [0.25, 0.25, 0.5, 0.25], "texture": "#1"},
				"east": {"uv": [0, 0.25, 0.25, 0.25], "texture": "#1"},
				"south": {"uv": [0.75, 0.25, 1, 0.25], "texture": "#1"},
				"west": {"uv": [0.5, 0.25, 0.75, 0.25], "texture": "#1"},
				"up": {"uv": [0.5, 0.25, 0.25, 0], "texture": "#1"},
				"down": {"uv": [0.75, 0, 0.5, 0.25], "texture": "#1"}
			}
		},
		{
			"from": [11.29593, 1.40099, 9.82552],
			"to": [12.29593, 1.40099, 10.82552],
			"rotation": {"angle": -22.5, "axis": "z", "origin": [10, 0, 10]},
			"faces": {
				"north": {"uv": [0.25, 0.25, 0.5, 0.25], "texture": "#1"},
				"east": {"uv": [0, 0.25, 0.25, 0.25], "texture": "#1"},
				"south": {"uv": [0.75, 0.25, 1, 0.25], "texture": "#1"},
				"west": {"uv": [0.5, 0.25, 0.75, 0.25], "texture": "#1"},
				"up": {"uv": [0.5, 0.25, 0.25, 0], "texture": "#1"},
				"down": {"uv": [0.75, 0, 0.5, 0.25], "texture": "#1"}
			}
		},
		{
			"from": [5.57374, -4.20111, 12.88463],
			"to": [8.57374, -0.20111, 21.88463],
			"rotation": {"angle": -22.5, "axis": "x", "origin": [0, 0, 0]},
			"faces": {
				"north": {"uv": [6.5, 6.25, 7.25, 7.25], "texture": "#1"},
				"east": {"uv": [4.25, 6.25, 6.5, 7.25], "texture": "#1"},
				"south": {"uv": [9.5, 6.25, 10.25, 7.25], "texture": "#1"},
				"west": {"uv": [7.25, 6.25, 9.5, 7.25], "texture": "#1"},
				"up": {"uv": [7.25, 6.25, 6.5, 4], "texture": "#1"},
				"down": {"uv": [8, 4, 7.25, 6.25], "texture": "#1"}
			}
		},
		{
			"from": [5, 5.00381, 0.82552],
			"to": [9, 9.00381, 10.82552],
			"rotation": {"angle": 22.5, "axis": "x", "origin": [0, 0, 0]},
			"faces": {
				"north": {"uv": [2.5, 2.5, 3.5, 3.5], "texture": "#1"},
				"east": {"uv": [0, 2.5, 2.5, 3.5], "texture": "#1"},
				"south": {"uv": [6, 2.5, 7, 3.5], "texture": "#1"},
				"west": {"uv": [3.5, 2.5, 6, 3.5], "texture": "#1"},
				"up": {"uv": [3.5, 2.5, 2.5, 0], "texture": "#1"},
				"down": {"uv": [4.5, 0, 3.5, 2.5], "texture": "#1"}
			}
		},
		{
			"from": [4, 4.79718, -2.81487],
			"to": [10, 8.79718, 4.18513],
			"rotation": {"angle": -22.5, "axis": "z", "origin": [7, 7, 0]},
			"faces": {
				"north": {"uv": [1.75, 5.25, 3.25, 6.25], "texture": "#1"},
				"east": {"uv": [0, 5.25, 1.75, 6.25], "texture": "#1"},
				"south": {"uv": [5, 5.25, 6.5, 6.25], "texture": "#1"},
				"west": {"uv": [3.25, 5.25, 5, 6.25], "texture": "#1"},
				"up": {"uv": [3.25, 5.25, 1.75, 3.5], "texture": "#1"},
				"down": {"uv": [4.75, 3.5, 3.25, 5.25], "texture": "#1"}
			}
		},
		{
			"from": [3.8, 6.79718, -0.81487],
			"to": [5, 9.79718, 2.18513],
			"rotation": {"angle": -22.5, "axis": "z", "origin": [7, 7, 0]},
			"faces": {
				"north": {"uv": [5.25, 0.75, 5.5, 1.5], "texture": "#1"},
				"east": {"uv": [4.5, 0.75, 5.25, 1.5], "texture": "#1"},
				"south": {"uv": [6.25, 0.75, 6.5, 1.5], "texture": "#1"},
				"west": {"uv": [5.5, 0.75, 6.25, 1.5], "texture": "#1"},
				"up": {"uv": [5.5, 0.75, 5.25, 0], "texture": "#1"},
				"down": {"uv": [5.75, 0, 5.5, 0.75], "texture": "#1"}
			}
		},
		{
			"from": [9, 6.79718, -0.81487],
			"to": [10.2, 9.79718, 2.18513],
			"rotation": {"angle": -22.5, "axis": "z", "origin": [7, 7, 0]},
			"faces": {
				"north": {"uv": [0.75, 0.75, 1, 1.5], "texture": "#1"},
				"east": {"uv": [0, 0.75, 0.75, 1.5], "texture": "#1"},
				"south": {"uv": [1.75, 0.75, 2, 1.5], "texture": "#1"},
				"west": {"uv": [1, 0.75, 1.75, 1.5], "texture": "#1"},
				"up": {"uv": [1, 0.75, 0.75, 0], "texture": "#1"},
				"down": {"uv": [1.25, 0, 1, 0.75], "texture": "#1"}
			}
		}
	],
	"display": {
		"thirdperson_righthand": {
			"rotation": [102.75, 0, 0],
			"translation": [0.5, -3.25, 15],
			"scale": [0.5, 0.5, 0.5]
		},
		"thirdperson_lefthand": {
			"rotation": [102.75, 0, 0],
			"translation": [-0.5, -4, 15],
			"scale": [0.5, 0.5, 0.5]
		},
		"firstperson_righthand": {
			"rotation": [0, 120, 0],
			"translation": [0.25, 4.25, -0.5],
			"scale": [0.5, 0.5, 0.5]
		},
		"firstperson_lefthand": {
			"rotation": [0, 120, 0],
			"translation": [0.5, 4, 0],
			"scale": [0.5, 0.5, 0.5]
		},
		"ground": {
			"translation": [0, 4, 0]
		},
		"gui": {
			"rotation": [5, 149, 0],
			"translation": [-1, 1.75, 0],
			"scale": [0.9, 0.9, 0.9]
		},
		"head": {
			"translation": [1.25, 14, 0]
		},
		"fixed": {
			"rotation": [-90, 0, 0],
			"translation": [0, 0, -12.5],
			"scale": [1.6, 1.6, 1.6]
		}
	},
	"groups": [
		{
			"name": "bone",
			"origin": [0, 7, 0],
			"color": 0,
			"children": [
				{
					"name": "leg4",
					"origin": [-2, 10, -2.5],
					"color": 0,
					"children": [0, 1, 2]
				},
				{
					"name": "leg3",
					"origin": [2, 10, -2.5],
					"color": 0,
					"children": [3, 4, 5]
				},
				{
					"name": "leg2",
					"origin": [-2, 10, 3.5],
					"color": 0,
					"children": [6, 7, 8]
				},
				{
					"name": "leg1",
					"origin": [2, 10, 3.5],
					"color": 0,
					"children": [9, 10, 11]
				},
				{
					"name": "tail",
					"origin": [0, 7, 0],
					"color": 0,
					"children": [12]
				},
				{
					"name": "body",
					"origin": [0, 7, 0],
					"color": 0,
					"children": [13]
				},
				{
					"name": "head",
					"origin": [0, 13, -5],
					"color": 0,
					"children": [14, 15, 16]
				}
			]
		}
	]
}