{
	"credit": "Made with Blockbench",
	"texture_size": [64, 64],
	"textures": {
		"1": "./texture"
	},
	"elements": [
		{
			"from": [-1, 8, 0],
			"to": [1, 23, 2],
			"faces": {
				"north": {"uv": [3, 0, 3.5, 3.75], "texture": "#1"},
				"east": {"uv": [1.5, 3, 2, 6.75], "texture": "#1"},
				"south": {"uv": [2, 3, 2.5, 6.75], "texture": "#1"},
				"west": {"uv": [2.5, 3, 3, 6.75], "texture": "#1"},
				"up": {"uv": [1.5, 8.25, 1, 7.75], "texture": "#1"},
				"down": {"uv": [8.25, 1.75, 7.75, 2.25], "texture": "#1"}
			}
		},
		{
			"from": [-4, 10, 0],
			"to": [-1, 14, 2],
			"faces": {
				"north": {"uv": [0.5, 4.5, 1.25, 5.5], "texture": "#1"},
				"east": {"uv": [6.5, 6.5, 7, 7.5], "texture": "#1"},
				"south": {"uv": [3.5, 5.25, 4.25, 6.25], "texture": "#1"},
				"west": {"uv": [6.75, 0.5, 7.25, 1.5], "texture": "#1"},
				"up": {"uv": [7.75, 2.5, 7, 2], "texture": "#1"},
				"down": {"uv": [1.75, 7.25, 1, 7.75], "texture": "#1"}
			}
		},
		{
			"from": [-6, 11, 0],
			"to": [-4, 14, 2],
			"faces": {
				"north": {"uv": [7.25, 1, 7.75, 1.75], "texture": "#1"},
				"east": {"uv": [1.75, 7.25, 2.25, 8], "texture": "#1"},
				"south": {"uv": [2.25, 7.25, 2.75, 8], "texture": "#1"},
				"west": {"uv": [2.75, 7.25, 3.25, 8], "texture": "#1"},
				"up": {"uv": [8.25, 2.75, 7.75, 2.25], "texture": "#1"},
				"down": {"uv": [8.25, 2.75, 7.75, 3.25], "texture": "#1"}
			}
		},
		{
			"from": [-7, 12, 0],
			"to": [-6, 14, 2],
			"faces": {
				"north": {"uv": [4.75, 8.25, 5, 8.75], "texture": "#1"},
				"east": {"uv": [7.75, 3.25, 8.25, 3.75], "texture": "#1"},
				"south": {"uv": [5, 8.25, 5.25, 8.75], "texture": "#1"},
				"west": {"uv": [3.75, 7.75, 4.25, 8.25], "texture": "#1"},
				"up": {"uv": [6.5, 8.75, 6.25, 8.25], "texture": "#1"},
				"down": {"uv": [8.5, 6.75, 8.25, 7.25], "texture": "#1"}
			}
		},
		{
			"from": [-7, 16, 0],
			"to": [-1, 18, 2],
			"faces": {
				"north": {"uv": [4.75, 4, 6.25, 4.5], "texture": "#1"},
				"east": {"uv": [4.25, 7.75, 4.75, 8.25], "texture": "#1"},
				"south": {"uv": [4.25, 5.25, 5.75, 5.75], "texture": "#1"},
				"west": {"uv": [7.75, 4.5, 8.25, 5], "texture": "#1"},
				"up": {"uv": [6.75, 5, 5.25, 4.5], "texture": "#1"},
				"down": {"uv": [7, 0, 5.5, 0.5], "texture": "#1"}
			}
		},
		{
			"from": [-6, 18, 0],
			"to": [-1, 20, 2],
			"faces": {
				"north": {"uv": [6, 1.5, 7.25, 2], "texture": "#1"},
				"east": {"uv": [7.75, 5, 8.25, 5.5], "texture": "#1"},
				"south": {"uv": [3.75, 6.25, 5, 6.75], "texture": "#1"},
				"west": {"uv": [5.5, 7.75, 6, 8.25], "texture": "#1"},
				"up": {"uv": [7.5, 4.5, 6.25, 4], "texture": "#1"},
				"down": {"uv": [7.75, 2.5, 6.5, 3], "texture": "#1"}
			}
		},
		{
			"from": [-5, 20, 0],
			"to": [-1, 21, 2],
			"faces": {
				"north": {"uv": [7.75, 3.75, 8.75, 4], "texture": "#1"},
				"east": {"uv": [3, 6, 3.5, 6.25], "texture": "#1"},
				"south": {"uv": [8, 0.5, 9, 0.75], "texture": "#1"},
				"west": {"uv": [7.25, 1.75, 7.75, 2], "texture": "#1"},
				"up": {"uv": [2, 7.25, 1, 6.75], "texture": "#1"},
				"down": {"uv": [3, 6.75, 2, 7.25], "texture": "#1"}
			}
		},
		{
			"from": [-3, 21, 0],
			"to": [-1, 22, 2],
			"faces": {
				"north": {"uv": [8.25, 7.25, 8.75, 7.5], "texture": "#1"},
				"east": {"uv": [8.5, 0, 9, 0.25], "texture": "#1"},
				"south": {"uv": [8.5, 0.25, 9, 0.5], "texture": "#1"},
				"west": {"uv": [0.5, 8.5, 1, 8.75], "texture": "#1"},
				"up": {"uv": [6.5, 8.25, 6, 7.75], "texture": "#1"},
				"down": {"uv": [1, 8, 0.5, 8.5], "texture": "#1"}
			}
		},
		{
			"from": [-8, 14, 0],
			"to": [-1, 16, 2],
			"faces": {
				"north": {"uv": [4.75, 2.5, 6.5, 3], "texture": "#1"},
				"east": {"uv": [8, 0.75, 8.5, 1.25], "texture": "#1"},
				"south": {"uv": [4.75, 3, 6.5, 3.5], "texture": "#1"},
				"west": {"uv": [8, 1.25, 8.5, 1.75], "texture": "#1"},
				"up": {"uv": [5.25, 5.25, 3.5, 4.75], "texture": "#1"},
				"down": {"uv": [6.5, 3.5, 4.75, 4], "texture": "#1"}
			}
		},
		{
			"from": [7, 10, 0],
			"to": [8, 15, 2],
			"faces": {
				"north": {"uv": [5.25, 7.5, 5.5, 8.75], "texture": "#1"},
				"east": {"uv": [1, 5.5, 1.5, 6.75], "texture": "#1"},
				"south": {"uv": [7.75, 0.5, 8, 1.75], "texture": "#1"},
				"west": {"uv": [5, 6.25, 5.5, 7.5], "texture": "#1"},
				"up": {"uv": [8.75, 1.25, 8.5, 0.75], "texture": "#1"},
				"down": {"uv": [8.75, 1.25, 8.5, 1.75], "texture": "#1"}
			}
		},
		{
			"from": [8, 10, 0],
			"to": [9, 14, 2],
			"faces": {
				"north": {"uv": [1.25, 4.5, 1.5, 5.5], "texture": "#1"},
				"east": {"uv": [3.75, 6.75, 4.25, 7.75], "texture": "#1"},
				"south": {"uv": [1.5, 7.75, 1.75, 8.75], "texture": "#1"},
				"west": {"uv": [4.25, 6.75, 4.75, 7.75], "texture": "#1"},
				"up": {"uv": [2, 9, 1.75, 8.5], "texture": "#1"},
				"down": {"uv": [2.25, 8.5, 2, 9], "texture": "#1"}
			}
		},
		{
			"from": [1, 10, 0],
			"to": [7, 16, 2],
			"faces": {
				"north": {"uv": [1.5, 0, 3, 1.5], "texture": "#1"},
				"east": {"uv": [0.5, 5.5, 1, 7], "texture": "#1"},
				"south": {"uv": [1.5, 1.5, 3, 3], "texture": "#1"},
				"west": {"uv": [5.5, 0.5, 6, 2], "texture": "#1"},
				"up": {"uv": [7, 2.5, 5.5, 2], "texture": "#1"},
				"down": {"uv": [5.75, 5.75, 4.25, 6.25], "texture": "#1"}
			}
		},
		{
			"from": [5, 8, 0],
			"to": [7, 10, 2],
			"faces": {
				"north": {"uv": [1.75, 8, 2.25, 8.5], "texture": "#1"},
				"east": {"uv": [2.25, 8, 2.75, 8.5], "texture": "#1"},
				"south": {"uv": [2.75, 8, 3.25, 8.5], "texture": "#1"},
				"west": {"uv": [3.25, 8, 3.75, 8.5], "texture": "#1"},
				"up": {"uv": [8.5, 6, 8, 5.5], "texture": "#1"},
				"down": {"uv": [8.5, 6, 8, 6.5], "texture": "#1"}
			}
		},
		{
			"from": [5, 2, 0],
			"to": [8, 11, 2],
			"rotation": {"angle": 45, "axis": "z", "origin": [8, 9, 1]},
			"faces": {
				"north": {"uv": [3.5, 0, 4.25, 2.25], "texture": "#1"},
				"east": {"uv": [3, 3.75, 3.5, 6], "texture": "#1"},
				"south": {"uv": [3.5, 2.25, 4.25, 4.5], "texture": "#1"},
				"west": {"uv": [4.25, 2.5, 4.75, 4.75], "texture": "#1"},
				"up": {"uv": [8, 6, 7.25, 5.5], "texture": "#1"},
				"down": {"uv": [8, 6, 7.25, 6.5], "texture": "#1"}
			}
		},
		{
			"from": [5, 3, -0.25],
			"to": [8, 21, 0.75],
			"rotation": {"angle": 45, "axis": "z", "origin": [8, 9, 1]},
			"faces": {
				"north": {"uv": [0, 0, 0.75, 4.5], "texture": "#1"},
				"east": {"uv": [0, 4.5, 0.25, 9], "texture": "#1"},
				"south": {"uv": [0.75, 0, 1.5, 4.5], "texture": "#1"},
				"west": {"uv": [0.25, 4.5, 0.5, 9], "texture": "#1"},
				"up": {"uv": [4.25, 4.75, 3.5, 4.5], "texture": "#1"},
				"down": {"uv": [4.75, 8.25, 4, 8.5], "texture": "#1"}
			}
		},
		{
			"from": [5, 2, -0.5],
			"to": [8, 3, 0.5],
			"rotation": {"angle": 45, "axis": "z", "origin": [8, 9, 1]},
			"faces": {
				"north": {"uv": [8.25, 4, 9, 4.25], "texture": "#1"},
				"east": {"uv": [8.5, 8, 8.75, 8.25], "texture": "#1"},
				"south": {"uv": [8.25, 4.25, 9, 4.5], "texture": "#1"},
				"west": {"uv": [8.25, 8.5, 8.5, 8.75], "texture": "#1"},
				"up": {"uv": [9, 4.75, 8.25, 4.5], "texture": "#1"},
				"down": {"uv": [9, 4.75, 8.25, 5], "texture": "#1"}
			}
		},
		{
			"from": [5, 21, -1],
			"to": [8, 22, 0],
			"rotation": {"angle": 45, "axis": "z", "origin": [8, 9, 1]},
			"faces": {
				"north": {"uv": [8.25, 5, 9, 5.25], "texture": "#1"},
				"east": {"uv": [8.5, 8.25, 8.75, 8.5], "texture": "#1"},
				"south": {"uv": [8.25, 5.25, 9, 5.5], "texture": "#1"},
				"west": {"uv": [8.5, 8.5, 8.75, 8.75], "texture": "#1"},
				"up": {"uv": [6.25, 8.5, 5.5, 8.25], "texture": "#1"},
				"down": {"uv": [9, 6.5, 8.25, 6.75], "texture": "#1"}
			}
		},
		{
			"from": [11.15685, -1.27817, 0],
			"to": [16.15685, 3.72183, 2],
			"rotation": {"angle": 45, "axis": "z", "origin": [13.65685, 1.22183, 1]},
			"faces": {
				"north": {"uv": [4.25, 0, 5.5, 1.25], "texture": "#1"},
				"east": {"uv": [5.5, 6.5, 6, 7.75], "texture": "#1"},
				"south": {"uv": [4.25, 1.25, 5.5, 2.5], "texture": "#1"},
				"west": {"uv": [6, 6.5, 6.5, 7.75], "texture": "#1"},
				"up": {"uv": [7.75, 3.5, 6.5, 3], "texture": "#1"},
				"down": {"uv": [7.75, 3.5, 6.5, 4], "texture": "#1"}
			}
		},
		{
			"from": [10.15685, -0.27817, 0.5],
			"to": [11.15685, 0.72183, 1.5],
			"rotation": {"angle": 45, "axis": "z", "origin": [13.65685, 1.22183, 1]},
			"faces": {
				"north": {"uv": [0.5, 8.75, 0.75, 9], "texture": "#1"},
				"east": {"uv": [0.75, 8.75, 1, 9], "texture": "#1"},
				"south": {"uv": [8.75, 0.75, 9, 1], "texture": "#1"},
				"west": {"uv": [1, 8.75, 1.25, 9], "texture": "#1"},
				"up": {"uv": [9, 1.25, 8.75, 1], "texture": "#1"},
				"down": {"uv": [1.5, 8.75, 1.25, 9], "texture": "#1"}
			}
		},
		{
			"from": [16.15685, -0.27817, 0.5],
			"to": [17.15685, 0.72183, 1.5],
			"rotation": {"angle": 45, "axis": "z", "origin": [13.65685, 1.22183, 1]},
			"faces": {
				"north": {"uv": [8.75, 1.25, 9, 1.5], "texture": "#1"},
				"east": {"uv": [1.5, 8.75, 1.75, 9], "texture": "#1"},
				"south": {"uv": [8.75, 1.5, 9, 1.75], "texture": "#1"},
				"west": {"uv": [8.75, 1.75, 9, 2], "texture": "#1"},
				"up": {"uv": [9, 2.25, 8.75, 2], "texture": "#1"},
				"down": {"uv": [2.5, 8.75, 2.25, 9], "texture": "#1"}
			}
		},
		{
			"from": [10.15685, 1.72183, 0.5],
			"to": [11.15685, 2.72183, 1.5],
			"rotation": {"angle": 45, "axis": "z", "origin": [13.65685, 1.22183, 1]},
			"faces": {
				"north": {"uv": [8.75, 2.25, 9, 2.5], "texture": "#1"},
				"east": {"uv": [2.5, 8.75, 2.75, 9], "texture": "#1"},
				"south": {"uv": [8.75, 2.5, 9, 2.75], "texture": "#1"},
				"west": {"uv": [2.75, 8.75, 3, 9], "texture": "#1"},
				"up": {"uv": [3.25, 9, 3, 8.75], "texture": "#1"},
				"down": {"uv": [9, 3.25, 8.75, 3.5], "texture": "#1"}
			}
		},
		{
			"from": [16.15685, 1.72183, 0.5],
			"to": [17.15685, 2.72183, 1.5],
			"rotation": {"angle": 45, "axis": "z", "origin": [13.65685, 1.22183, 1]},
			"faces": {
				"north": {"uv": [8.75, 3.5, 9, 3.75], "texture": "#1"},
				"east": {"uv": [8.75, 3.75, 9, 4], "texture": "#1"},
				"south": {"uv": [4.25, 8.75, 4.5, 9], "texture": "#1"},
				"west": {"uv": [4.5, 8.75, 4.75, 9], "texture": "#1"},
				"up": {"uv": [5, 9, 4.75, 8.75], "texture": "#1"},
				"down": {"uv": [5.25, 8.75, 5, 9], "texture": "#1"}
			}
		},
		{
			"from": [11.65685, 3.75736, 0],
			"to": [13.65685, 4.75736, 2],
			"rotation": {"angle": 0, "axis": "y", "origin": [14.15685, 3.25736, 1]},
			"faces": {
				"north": {"uv": [2.25, 8.5, 2.75, 8.75], "texture": "#1"},
				"east": {"uv": [2.75, 8.5, 3.25, 8.75], "texture": "#1"},
				"south": {"uv": [8.5, 2.75, 9, 3], "texture": "#1"},
				"west": {"uv": [8.5, 3, 9, 3.25], "texture": "#1"},
				"up": {"uv": [7, 8.5, 6.5, 8], "texture": "#1"},
				"down": {"uv": [7.5, 8, 7, 8.5], "texture": "#1"}
			}
		},
		{
			"from": [10.12132, 1.22183, 0],
			"to": [11.12132, 3.22183, 2],
			"rotation": {"angle": 0, "axis": "y", "origin": [10.62132, 2.22183, 1]},
			"faces": {
				"north": {"uv": [3.25, 8.5, 3.5, 9], "texture": "#1"},
				"east": {"uv": [7.5, 8, 8, 8.5], "texture": "#1"},
				"south": {"uv": [8.5, 3.25, 8.75, 3.75], "texture": "#1"},
				"west": {"uv": [8, 7.5, 8.5, 8], "texture": "#1"},
				"up": {"uv": [3.75, 9, 3.5, 8.5], "texture": "#1"},
				"down": {"uv": [4.25, 8.5, 4, 9], "texture": "#1"}
			}
		},
		{
			"from": [1, 16, 0],
			"to": [5, 19, 2],
			"faces": {
				"north": {"uv": [5.75, 5, 6.75, 5.75], "texture": "#1"},
				"east": {"uv": [3.25, 7.25, 3.75, 8], "texture": "#1"},
				"south": {"uv": [5.75, 5.75, 6.75, 6.5], "texture": "#1"},
				"west": {"uv": [4.75, 7.5, 5.25, 8.25], "texture": "#1"},
				"up": {"uv": [7.75, 5, 6.75, 4.5], "texture": "#1"},
				"down": {"uv": [7.75, 5, 6.75, 5.5], "texture": "#1"}
			}
		},
		{
			"from": [1, 19, 0],
			"to": [4, 21, 2],
			"faces": {
				"north": {"uv": [7.5, 4, 8.25, 4.5], "texture": "#1"},
				"east": {"uv": [8, 8, 8.5, 8.5], "texture": "#1"},
				"south": {"uv": [6.5, 7.5, 7.25, 8], "texture": "#1"},
				"west": {"uv": [1, 8.25, 1.5, 8.75], "texture": "#1"},
				"up": {"uv": [8.25, 7, 7.5, 6.5], "texture": "#1"},
				"down": {"uv": [8.25, 7, 7.5, 7.5], "texture": "#1"}
			}
		},
		{
			"from": [1, 21, 0],
			"to": [3, 22, 2],
			"faces": {
				"north": {"uv": [4.25, 8.5, 4.75, 8.75], "texture": "#1"},
				"east": {"uv": [5.5, 8.5, 6, 8.75], "texture": "#1"},
				"south": {"uv": [8.5, 5.5, 9, 5.75], "texture": "#1"},
				"west": {"uv": [8.5, 5.75, 9, 6], "texture": "#1"},
				"up": {"uv": [8.75, 2.25, 8.25, 1.75], "texture": "#1"},
				"down": {"uv": [8.75, 2.25, 8.25, 2.75], "texture": "#1"}
			}
		},
		{
			"from": [1, 6, 0],
			"to": [4, 10, 2],
			"faces": {
				"north": {"uv": [6, 0.5, 6.75, 1.5], "texture": "#1"},
				"east": {"uv": [6.75, 5.5, 7.25, 6.5], "texture": "#1"},
				"south": {"uv": [3, 6.25, 3.75, 7.25], "texture": "#1"},
				"west": {"uv": [0.5, 7, 1, 8], "texture": "#1"},
				"up": {"uv": [8, 8, 7.25, 7.5], "texture": "#1"},
				"down": {"uv": [8.5, 0, 7.75, 0.5], "texture": "#1"}
			}
		},
		{
			"from": [0, 7, 0],
			"to": [1, 8, 2],
			"faces": {
				"north": {"uv": [5.25, 8.75, 5.5, 9], "texture": "#1"},
				"east": {"uv": [8.5, 6, 9, 6.25], "texture": "#1"},
				"south": {"uv": [5.5, 8.75, 5.75, 9], "texture": "#1"},
				"west": {"uv": [8.5, 6.25, 9, 6.5], "texture": "#1"},
				"up": {"uv": [6.25, 9, 6, 8.5], "texture": "#1"},
				"down": {"uv": [6.75, 8.5, 6.5, 9], "texture": "#1"}
			}
		},
		{
			"from": [4, 6, 0],
			"to": [5, 10, 2],
			"faces": {
				"north": {"uv": [8.25, 2.75, 8.5, 3.75], "texture": "#1"},
				"east": {"uv": [7, 6.5, 7.5, 7.5], "texture": "#1"},
				"south": {"uv": [3.75, 8.25, 4, 9.25], "texture": "#1"},
				"west": {"uv": [7.25, 0, 7.75, 1], "texture": "#1"},
				"up": {"uv": [7, 9, 6.75, 8.5], "texture": "#1"},
				"down": {"uv": [8.75, 6.75, 8.5, 7.25], "texture": "#1"}
			}
		},
		{
			"from": [5, 7, 0],
			"to": [6, 8, 2],
			"faces": {
				"north": {"uv": [5.75, 8.75, 6, 9], "texture": "#1"},
				"east": {"uv": [7, 8.5, 7.5, 8.75], "texture": "#1"},
				"south": {"uv": [6.25, 8.75, 6.5, 9], "texture": "#1"},
				"west": {"uv": [7.5, 8.5, 8, 8.75], "texture": "#1"},
				"up": {"uv": [8.75, 8, 8.5, 7.5], "texture": "#1"},
				"down": {"uv": [8.25, 8.5, 8, 9], "texture": "#1"}
			}
		},
		{
			"from": [7, 9, 0],
			"to": [8, 10, 2],
			"faces": {
				"north": {"uv": [5.5, 6.25, 5.75, 6.5], "texture": "#1"},
				"east": {"uv": [4.75, 4.5, 5.25, 4.75], "texture": "#1"},
				"south": {"uv": [4.75, 7.25, 5, 7.5], "texture": "#1"},
				"west": {"uv": [5.25, 5, 5.75, 5.25], "texture": "#1"},
				"up": {"uv": [5, 7.25, 4.75, 6.75], "texture": "#1"},
				"down": {"uv": [7.25, 0, 7, 0.5], "texture": "#1"}
			}
		}
	],
	"display": {
		"thirdperson_righthand": {
			"rotation": [81.61, 10.97, 54.6],
			"translation": [-1.75, -6.5, 3],
			"scale": [0.9, 0.9, 0.9]
		},
		"thirdperson_lefthand": {
			"rotation": [75.49, 12.45, 143.96],
			"translation": [-1.5, -6.5, 2.5],
			"scale": [0.9, 0.9, 0.9]
		},
		"firstperson_righthand": {
			"rotation": [26, -5, 78],
			"translation": [-7.75, -1, 8],
			"scale": [0.9, 0.9, 0.9]
		},
		"firstperson_lefthand": {
			"rotation": [7, -8, 159],
			"translation": [-6.5, -1.5, 7.25]
		},
		"ground": {
			"rotation": [134, 0, 0],
			"translation": [2.5, 0, -6.5],
			"scale": [0.5, 0.5, 0.5]
		},
		"gui": {
			"rotation": [152.2, 27.36, -17.96],
			"translation": [5.5, 0, 0],
			"scale": [0.9, 0.9, 0.9]
		},
		"head": {
			"rotation": [90, 0, 0],
			"translation": [4, -12.5, -3]
		},
		"fixed": {
			"rotation": [0, 0, 177.75],
			"translation": [-8.75, 7.25, 13.75],
			"scale": [2, 2, 2]
		}
	}
}