{
	"credit": "Made with Blockbench",
	"parent": "iron_ingot",
	"texture_size": [64, 64],
	"textures": {
		"0": "kassa",
		"particle": "kassa"
	},
	"elements": [
		{
			"from": [0, 0, -1],
			"to": [18, 5, 21],
			"faces": {
				"north": {"uv": [9, 2.5, 13.5, 3.75], "texture": "#0"},
				"east": {"uv": [9, 0, 14.5, 1.25], "texture": "#0"},
				"south": {"uv": [9, 3.75, 13.5, 5], "texture": "#0"},
				"west": {"uv": [9, 1.25, 14.5, 2.5], "texture": "#0"},
				"up": {"uv": [4.5, 5.5, 0, 0], "texture": "#0"},
				"down": {"uv": [9, 0, 4.5, 5.5], "texture": "#0"}
			}
		},
		{
			"from": [2, 5, -1],
			"to": [16, 8, 19],
			"faces": {
				"north": {"uv": [3.5, 10.5, 7, 11.25], "texture": "#0"},
				"east": {"uv": [10.5, 5, 15.5, 5.75], "texture": "#0"},
				"south": {"uv": [10.5, 6.5, 14, 7.25], "texture": "#0"},
				"west": {"uv": [10.5, 5.75, 15.5, 6.5], "texture": "#0"},
				"up": {"uv": [3.5, 10.5, 0, 5.5], "texture": "#0"},
				"down": {"uv": [7, 5.5, 3.5, 10.5], "texture": "#0"}
			}
		},
		{
			"from": [2, 0, 8],
			"to": [16, 8.81, 11.15],
			"rotation": {"angle": -45, "axis": "x", "origin": [0, 0, 0]},
			"faces": {
				"north": {"uv": [7, 5.5, 10.5, 7.75], "texture": "#0"},
				"east": {"uv": [6, 12, 6.75, 14.25], "texture": "#0"},
				"south": {"uv": [7, 7.75, 10.5, 10], "texture": "#0"},
				"west": {"uv": [6.75, 12, 7.5, 14.25], "texture": "#0"},
				"up": {"uv": [14, 8, 10.5, 7.25], "texture": "#0"},
				"down": {"uv": [14, 8, 10.5, 8.75], "texture": "#0"}
			}
		},
		{
			"from": [2, 8, -1],
			"to": [16, 14, 2],
			"faces": {
				"north": {"uv": [7, 10, 10.5, 11.5], "texture": "#0"},
				"east": {"uv": [10, 12.25, 10.75, 13.75], "texture": "#0"},
				"south": {"uv": [0, 10.5, 3.5, 12], "texture": "#0"},
				"west": {"uv": [10.75, 12.25, 11.5, 13.75], "texture": "#0"},
				"up": {"uv": [14, 9.5, 10.5, 8.75], "texture": "#0"},
				"down": {"uv": [14, 9.5, 10.5, 10.25], "texture": "#0"}
			}
		},
		{
			"from": [2, 8, 2],
			"to": [16, 10, 4],
			"faces": {
				"north": {"uv": [10.5, 11.25, 14, 11.75], "texture": "#0"},
				"east": {"uv": [9, 5, 9.5, 5.5], "texture": "#0"},
				"south": {"uv": [6, 11.5, 9.5, 12], "texture": "#0"},
				"west": {"uv": [9.5, 5, 10, 5.5], "texture": "#0"},
				"up": {"uv": [13, 12.25, 9.5, 11.75], "texture": "#0"},
				"down": {"uv": [3.5, 12, 0, 12.5], "texture": "#0"}
			}
		},
		{
			"from": [8, 14, 0],
			"to": [10, 16, 1],
			"faces": {
				"north": {"uv": [10, 5, 10.5, 5.5], "texture": "#0"},
				"east": {"uv": [0.5, 12.5, 0.75, 13], "texture": "#0"},
				"south": {"uv": [0, 12.5, 0.5, 13], "texture": "#0"},
				"west": {"uv": [0.75, 12.5, 1, 13], "texture": "#0"},
				"up": {"uv": [6.5, 11.5, 6, 11.25], "texture": "#0"},
				"down": {"uv": [7, 11.25, 6.5, 11.5], "texture": "#0"}
			}
		},
		{
			"from": [4, 16, -0.5],
			"to": [14, 20, 1.5],
			"faces": {
				"north": {"uv": [10.5, 10.25, 13, 11.25], "texture": "#0"},
				"east": {"uv": [11.5, 12.25, 12, 13.25], "texture": "#0"},
				"south": {"uv": [3.5, 11.25, 6, 12.25], "texture": "#0"},
				"west": {"uv": [12, 12.25, 12.5, 13.25], "texture": "#0"},
				"up": {"uv": [6, 12.75, 3.5, 12.25], "texture": "#0"},
				"down": {"uv": [10, 12.25, 7.5, 12.75], "texture": "#0"}
			}
		}
	],
	"display": {
		"thirdperson_righthand": {
			"rotation": [60, 0, 0],
			"translation": [0, 2.75, 0.5],
			"scale": [0.35, 0.35, 0.35]
		},
		"thirdperson_lefthand": {
			"rotation": [60, 0, 0],
			"translation": [0, 2.76, 0.5],
			"scale": [0.35, 0.35, 0.35]
		},
		"firstperson_righthand": {
			"rotation": [3, -42, 0],
			"translation": [6, -0.25, 0]
		},
		"firstperson_lefthand": {
			"rotation": [3, -42, 0],
			"translation": [6, -0.25, 0]
		},
		"ground": {
			"scale": [0.75, 0.75, 0.75]
		},
		"gui": {
			"rotation": [9, -22, -1],
			"translation": [0, -1, 0],
			"scale": [0.65, 0.65, 0.65]
		},
		"head": {
			"rotation": [0, 180, 0],
			"translation": [0, 7, 0]
		},
		"fixed": {
			"rotation": [-90, 0, 0],
			"translation": [-1, -2.75, -10],
			"scale": [1.5, 1.5, 1.45]
		}
	},
	"groups": [
		{
			"name": "group",
			"origin": [8, 8, 8],
			"color": 0,
			"nbt": "{}",
			"armAnimationEnabled": false,
			"children": [0, 1, 2, 3, 4, 5, 6]
		}
	]
}