{
	"credit": "Made with Blockbench",
	"texture_size": [32, 32],
	"textures": {
		"0": "./kepka",
		"particle": "./kepka"
	},
	"elements": [
		{
			"from": [-0.6, 7, 3],
			"to": [3.4, 7, 13],
			"faces": {
				"north": {"uv": [0, 0, 2, 0], "texture": "#0"},
				"east": {"uv": [0, 0, 5, 0], "texture": "#0"},
				"south": {"uv": [0, 0, 2, 0], "texture": "#0"},
				"west": {"uv": [0, 0, 5, 0], "texture": "#0"},
				"up": {"uv": [2, 12, 0, 7], "texture": "#0"},
				"down": {"uv": [4, 7, 2, 12], "texture": "#0"}
			}
		},
		{
			"from": [3.4, 6, 3],
			"to": [12.4, 10, 13],
			"faces": {
				"north": {"uv": [4, 7, 8.5, 9], "texture": "#0"},
				"east": {"uv": [0, 5, 5, 7], "texture": "#0"},
				"south": {"uv": [8.5, 7, 13, 9], "texture": "#0"},
				"west": {"uv": [5, 5, 10, 7], "texture": "#0"},
				"up": {"uv": [4.5, 5, 0, 0], "texture": "#0"},
				"down": {"uv": [9, 0, 4.5, 5], "texture": "#0"}
			}
		},
		{
			"from": [0.4, 6, 3],
			"to": [3.4, 7, 3],
			"faces": {
				"north": {"uv": [9, 0, 10.5, 0.5], "texture": "#0"},
				"east": {"uv": [0, 0, 0, 0.5], "texture": "#0"},
				"south": {"uv": [9, 0.5, 10.5, 1], "texture": "#0"},
				"west": {"uv": [0, 0, 0, 0.5], "texture": "#0"},
				"up": {"uv": [1.5, 0, 0, 0], "texture": "#0"},
				"down": {"uv": [1.5, 0, 0, 0], "texture": "#0"}
			}
		},
		{
			"from": [0.4, 6, 13],
			"to": [3.4, 7, 13],
			"faces": {
				"north": {"uv": [9, 1, 10.5, 1.5], "texture": "#0"},
				"east": {"uv": [0, 0, 0, 0.5], "texture": "#0"},
				"south": {"uv": [9, 1.5, 10.5, 2], "texture": "#0"},
				"west": {"uv": [0, 0, 0, 0.5], "texture": "#0"},
				"up": {"uv": [1.5, 0, 0, 0], "texture": "#0"},
				"down": {"uv": [1.5, 0, 0, 0], "texture": "#0"}
			}
		},
		{
			"from": [7.4, 10.2, 7],
			"to": [8.4, 10.2, 9],
			"faces": {
				"north": {"uv": [4, 7, 8.5, 9], "texture": "#0"},
				"east": {"uv": [0, 5, 5, 7], "texture": "#0"},
				"south": {"uv": [8.5, 7, 13, 9], "texture": "#0"},
				"west": {"uv": [5, 5, 10, 7], "texture": "#0"},
				"up": {"uv": [9.5, 3, 9, 2], "texture": "#0"},
				"down": {"uv": [9.5, 2, 9, 3], "texture": "#0"}
			}
		},
		{
			"from": [12.6, 6, 6],
			"to": [12.6, 7, 10],
			"faces": {
				"north": {"uv": [4, 7, 8.5, 9], "texture": "#0"},
				"east": {"uv": [9, 4.5, 11, 5], "texture": "#0"},
				"south": {"uv": [8.5, 7, 13, 9], "texture": "#0"},
				"west": {"uv": [9, 4, 11, 4.5], "texture": "#0"},
				"up": {"uv": [4.5, 5, 0, 0], "texture": "#0"},
				"down": {"uv": [9, 0, 4.5, 5], "texture": "#0"}
			}
		}
	],
	"display": {
		"thirdperson_righthand": {
			"rotation": [70, -90, 66],
			"translation": [0, 2, -1.5],
			"scale": [0.9, 0.9, 0.9]
		},
		"thirdperson_lefthand": {
			"rotation": [0, 90, 0],
			"translation": [0, 1.5, -1.75],
			"scale": [0.9, 0.9, 0.9]
		},
		"firstperson_righthand": {
			"rotation": [0, -90, 0],
			"scale": [0.9, 0.9, 0.9]
		},
		"firstperson_lefthand": {
			"rotation": [0, 90, 0],
			"scale": [0.9, 0.9, 0.9]
		},
		"ground": {
			"translation": [0, -1.75, 0]
		},
		"gui": {
			"rotation": [0, 68, 25]
		},
		"head": {
			"rotation": [0, -90, 0],
			"translation": [0, 4.75, 0],
			"scale": [1.6, 1.6, 1.6]
		},
		"fixed": {
			"rotation": [-90, 0, 0],
			"translation": [3, 0, -3.25],
			"scale": [1.6, 1.6, 1.6]
		}
	}
}