{
	"credit": "Made with Blockbench",
	"texture_size": [64, 64],
	"textures": {
		"0": "./solom",
		"particle": "./solom"
	},
	"elements": [
		{
			"from": [3.5, 7, 3.5],
			"to": [12.5, 11, 12.5],
			"faces": {
				"north": {"uv": [4, 4.5, 6.25, 5.5], "texture": "#0"},
				"east": {"uv": [4, 5.5, 6.25, 6.5], "texture": "#0"},
				"south": {"uv": [6.25, 0, 8.5, 1], "texture": "#0"},
				"west": {"uv": [6.25, 1, 8.5, 2], "texture": "#0"},
				"up": {"uv": [6.25, 2.25, 4, 0], "texture": "#0"},
				"down": {"uv": [6.25, 2.25, 4, 4.5], "texture": "#0"}
			}
		},
		{
			"from": [0, 7, 0],
			"to": [16, 7, 16],
			"faces": {
				"north": {"uv": [0, 0, 4, 0], "texture": "#0"},
				"east": {"uv": [0, 0, 4, 0], "texture": "#0"},
				"south": {"uv": [0, 0, 4, 0], "texture": "#0"},
				"west": {"uv": [0, 0, 4, 0], "texture": "#0"},
				"up": {"uv": [4, 4, 0, 0], "texture": "#0"},
				"down": {"uv": [4, 4, 0, 8], "texture": "#0"}
			}
		}
	],
	"display": {
		"thirdperson_righthand": {
			"translation": [0, 0, -4.25]
		},
		"thirdperson_lefthand": {
			"translation": [0, 0, -4.5]
		},
		"ground": {
			"translation": [0, -2, 0],
			"scale": [1.6, 1.6, 1.6]
		},
		"gui": {
			"rotation": [27, 20, 0],
			"translation": [0, 0.5, 0],
			"scale": [0.8, 0.8, 0.8]
		},
		"head": {
			"translation": [0, 4.75, 0],
			"scale": [1.6293, 1.6, 1.64492]
		},
		"fixed": {
			"rotation": [-90, 0, 0],
			"translation": [0, 0, -2],
			"scale": [2, 2, 2]
		}
	}
}