{
	"credit": "Made with Blockbench",
	"texture_size": [64, 64],
	"textures": {
		"1": "./knizhka"
	},
	"elements": [
		{
			"from": [4, 0, 1],
			"to": [12, 3, 13],
			"faces": {
				"north": {"uv": [6.5, 0.75, 8.5, 1.5], "texture": "#1"},
				"east": {"uv": [6, 6, 9, 6.75], "texture": "#1"},
				"south": {"uv": [6.5, 1.5, 8.5, 2.25], "texture": "#1"},
				"west": {"uv": [6.5, 0, 9.5, 0.75], "texture": "#1"},
				"up": {"uv": [6.5, 3, 4.5, 0], "texture": "#1"},
				"down": {"uv": [6.5, 3, 4.5, 6], "texture": "#1"}
			}
		},
		{
			"from": [9, 1, 12.6],
			"to": [11, 1, 13.6],
			"faces": {
				"north": {"uv": [0, 0, 0.5, 0], "texture": "#1"},
				"east": {"uv": [0, 0, 0.25, 0], "texture": "#1"},
				"south": {"uv": [0, 0, 0.5, 0], "texture": "#1"},
				"west": {"uv": [0, 0, 0.25, 0], "texture": "#1"},
				"up": {"uv": [7, 6, 6.5, 5.75], "texture": "#1"},
				"down": {"uv": [1, 6.75, 0.5, 7], "texture": "#1"}
			}
		},
		{
			"from": [5.1, 1.7, 13],
			"to": [7.1, 1.7, 14],
			"faces": {
				"north": {"uv": [0, 0, 0.5, 0], "texture": "#1"},
				"east": {"uv": [0, 0, 0.25, 0], "texture": "#1"},
				"south": {"uv": [0, 0, 0.5, 0], "texture": "#1"},
				"west": {"uv": [0, 0, 0.25, 0], "texture": "#1"},
				"up": {"uv": [1.5, 7, 1, 6.75], "texture": "#1"},
				"down": {"uv": [2, 6.75, 1.5, 7], "texture": "#1"}
			}
		},
		{
			"from": [6.4, 1.3, 12.7],
			"to": [8.4, 1.3, 14.7],
			"faces": {
				"north": {"uv": [0, 0, 0.5, 0], "texture": "#1"},
				"east": {"uv": [0, 0, 0.5, 0], "texture": "#1"},
				"south": {"uv": [0, 0, 0.5, 0], "texture": "#1"},
				"west": {"uv": [0, 0, 0.5, 0], "texture": "#1"},
				"up": {"uv": [7, 2.75, 6.5, 2.25], "texture": "#1"},
				"down": {"uv": [7, 2.75, 6.5, 3.25], "texture": "#1"}
			}
		},
		{
			"from": [9, 1.7, 13],
			"to": [10, 1.7, 14],
			"faces": {
				"north": {"uv": [0, 0, 0.25, 0], "texture": "#1"},
				"east": {"uv": [0, 0, 0.25, 0], "texture": "#1"},
				"south": {"uv": [0, 0, 0.25, 0], "texture": "#1"},
				"west": {"uv": [0, 0, 0.25, 0], "texture": "#1"},
				"up": {"uv": [2.75, 7, 2.5, 6.75], "texture": "#1"},
				"down": {"uv": [3, 6.75, 2.75, 7], "texture": "#1"}
			}
		},
		{
			"from": [5, 0.7, 12.6],
			"to": [6, 0.7, 13.6],
			"faces": {
				"north": {"uv": [0, 0, 0.25, 0], "texture": "#1"},
				"east": {"uv": [0, 0, 0.25, 0], "texture": "#1"},
				"south": {"uv": [0, 0, 0.25, 0], "texture": "#1"},
				"west": {"uv": [0, 0, 0.25, 0], "texture": "#1"},
				"up": {"uv": [3.25, 7, 3, 6.75], "texture": "#1"},
				"down": {"uv": [3.5, 6.75, 3.25, 7], "texture": "#1"}
			}
		},
		{
			"from": [2.8, 1.3, 4],
			"to": [4.8, 1.3, 6],
			"faces": {
				"north": {"uv": [0, 0, 0.5, 0], "texture": "#1"},
				"east": {"uv": [0, 0, 0.5, 0], "texture": "#1"},
				"south": {"uv": [0, 0, 0.5, 0], "texture": "#1"},
				"west": {"uv": [0, 0, 0.5, 0], "texture": "#1"},
				"up": {"uv": [7, 3.75, 6.5, 3.25], "texture": "#1"},
				"down": {"uv": [7, 3.75, 6.5, 4.25], "texture": "#1"}
			}
		},
		{
			"from": [3.3, 1.3, 9],
			"to": [5.3, 1.3, 11],
			"faces": {
				"north": {"uv": [0, 0, 0.5, 0], "texture": "#1"},
				"east": {"uv": [0, 0, 0.5, 0], "texture": "#1"},
				"south": {"uv": [0, 0, 0.5, 0], "texture": "#1"},
				"west": {"uv": [0, 0, 0.5, 0], "texture": "#1"},
				"up": {"uv": [7, 4.75, 6.5, 4.25], "texture": "#1"},
				"down": {"uv": [7, 4.75, 6.5, 5.25], "texture": "#1"}
			}
		},
		{
			"from": [8.8, 1.3, 0],
			"to": [10.8, 1.3, 2],
			"faces": {
				"north": {"uv": [0, 0, 0.5, 0], "texture": "#1"},
				"east": {"uv": [0, 0, 0.5, 0], "texture": "#1"},
				"south": {"uv": [0, 0, 0.5, 0], "texture": "#1"},
				"west": {"uv": [0, 0, 0.5, 0], "texture": "#1"},
				"up": {"uv": [7, 5.75, 6.5, 5.25], "texture": "#1"},
				"down": {"uv": [0.5, 6.75, 0, 7.25], "texture": "#1"}
			}
		},
		{
			"from": [5.8, 1.3, 0.3],
			"to": [6.8, 1.3, 2.3],
			"faces": {
				"north": {"uv": [0, 0, 0.25, 0], "texture": "#1"},
				"east": {"uv": [0, 0, 0.5, 0], "texture": "#1"},
				"south": {"uv": [0, 0, 0.25, 0], "texture": "#1"},
				"west": {"uv": [0, 0, 0.5, 0], "texture": "#1"},
				"up": {"uv": [2.25, 7.25, 2, 6.75], "texture": "#1"},
				"down": {"uv": [2.5, 6.75, 2.25, 7.25], "texture": "#1"}
			}
		},
		{
			"from": [3.1, 3.1, 1],
			"to": [12.1, 3.1, 13],
			"faces": {
				"north": {"uv": [0, 0, 2.25, 0], "texture": "#1"},
				"east": {"uv": [0, 0, 3, 0], "texture": "#1"},
				"south": {"uv": [0, 0, 2.25, 0], "texture": "#1"},
				"west": {"uv": [0, 0, 3, 0], "texture": "#1"},
				"up": {"uv": [2.25, 3, 0, 0], "texture": "#1"},
				"down": {"uv": [4.5, 0, 2.25, 3], "texture": "#1"}
			}
		},
		{
			"from": [3.1, -0.1, 1],
			"to": [12.1, -0.1, 13],
			"faces": {
				"north": {"uv": [0, 0, 2.25, 0], "texture": "#1"},
				"east": {"uv": [0, 0, 3, 0], "texture": "#1"},
				"south": {"uv": [0, 0, 2.25, 0], "texture": "#1"},
				"west": {"uv": [0, 0, 3, 0], "texture": "#1"},
				"up": {"uv": [2.25, 6, 0, 3], "texture": "#1"},
				"down": {"uv": [4.5, 3, 2.25, 6], "texture": "#1"}
			}
		},
		{
			"from": [12.1, -0.1, 1],
			"to": [12.1, 3.1, 13],
			"faces": {
				"north": {"uv": [0, 0, 0, 0.75], "texture": "#1"},
				"east": {"uv": [0, 6, 3, 6.75], "texture": "#1"},
				"south": {"uv": [0, 0, 0, 0.75], "texture": "#1"},
				"west": {"uv": [3, 6, 6, 6.75], "texture": "#1"},
				"up": {"uv": [0, 3, 0, 0], "texture": "#1"},
				"down": {"uv": [0, 0, 0, 3], "texture": "#1"}
			}
		}
	],
	"display": {
		"thirdperson_righthand": {
			"rotation": [90, 180, 0],
			"translation": [0, 4, 3.5],
			"scale": [0.6, 0.6, 0.6]
		},
		"thirdperson_lefthand": {
			"rotation": [90, 180, 0],
			"translation": [0, 4, 3.5],
			"scale": [0.6, 0.6, 0.6]
		},
		"firstperson_righthand": {
			"rotation": [79, 180, 0],
			"translation": [6, 0, 0]
		},
		"firstperson_lefthand": {
			"rotation": [84, 180, 0],
			"translation": [7.5, 0, 0]
		},
		"ground": {
			"translation": [0, 4.5, 0]
		},
		"gui": {
			"rotation": [59, 155, 0],
			"translation": [0, 3.5, 0]
		},
		"fixed": {
			"rotation": [-90, 0, 0],
			"translation": [0.5, 1.25, -12.25],
			"scale": [1.5, 1.5, 1.5]
		}
	}
}