{
	"credit": "JJey RolePlay v2.0",
	"textures": {
		"0": "./anvil",
		"1": "./brewing_stand_base",
		"particle": "./anvil"
	},
	"elements": [
		{
			"from": [5, 0, 2],
			"to": [11, 6, 4],
			"faces": {
				"north": {"uv": [10, 10, 16, 16], "texture": "#0"},
				"east": {"uv": [10, 10, 12, 16], "texture": "#0"},
				"south": {"uv": [10, 10, 16, 16], "texture": "#0"},
				"west": {"uv": [13, 6, 15, 12], "texture": "#0"},
				"up": {"uv": [10, 5, 16, 7], "texture": "#0"},
				"down": {"uv": [10, 10, 16, 12], "texture": "#0"}
			}
		},
		{
			"from": [7, 2, 0],
			"to": [9, 4, 16],
			"faces": {
				"north": {"uv": [0, 0, 2, 2], "texture": "#1"},
				"east": {"uv": [0, 0, 16, 2], "texture": "#1"},
				"south": {"uv": [0, 0, 2, 2], "texture": "#1"},
				"west": {"uv": [0, 0, 16, 2], "texture": "#1"},
				"up": {"uv": [14, 0, 16, 16], "texture": "#1"},
				"down": {"uv": [14, 0, 16, 16], "texture": "#1"}
			}
		},
		{
			"from": [5, 0, 12],
			"to": [11, 6, 14],
			"faces": {
				"north": {"uv": [0, 10, 6, 16], "texture": "#0"},
				"east": {"uv": [14, 7, 16, 13], "texture": "#0"},
				"south": {"uv": [0, 4, 6, 10], "texture": "#0"},
				"west": {"uv": [10, 10, 12, 16], "texture": "#0"},
				"up": {"uv": [1, 10, 7, 12], "texture": "#0"},
				"down": {"uv": [10, 10, 16, 12], "texture": "#0"}
			}
		},
		{
			"from": [6, 1, 14],
			"to": [10, 5, 15],
			"faces": {
				"north": {"uv": [0, 0, 4, 4], "texture": "#0"},
				"east": {"uv": [0, 0, 1, 4], "texture": "#0"},
				"south": {"uv": [5, 12, 9, 16], "texture": "#0"},
				"west": {"uv": [0, 0, 1, 4], "texture": "#0"},
				"up": {"uv": [0, 0, 4, 1], "texture": "#0"},
				"down": {"uv": [0, 0, 4, 1], "texture": "#0"}
			}
		},
		{
			"from": [6, 1, 1],
			"to": [10, 5, 2],
			"faces": {
				"north": {"uv": [4, 10, 8, 14], "texture": "#0"},
				"east": {"uv": [0, 0, 1, 4], "texture": "#0"},
				"south": {"uv": [0, 0, 4, 4], "texture": "#0"},
				"west": {"uv": [0, 0, 1, 4], "texture": "#0"},
				"up": {"uv": [0, 0, 4, 1], "texture": "#0"},
				"down": {"uv": [0, 0, 4, 1], "texture": "#0"}
			}
		}
	],
	"gui_light": "front",
	"display": {
		"thirdperson_righthand": {
			"rotation": [90, 90, 0],
			"translation": [0, 0, 6.75]
		},
		"thirdperson_lefthand": {
			"rotation": [90, 90, 0],
			"translation": [0, 0, 6.75]
		},
		"firstperson_righthand": {
			"rotation": [0, -79, 18],
			"translation": [-0.87, 4.95, 0.13],
			"scale": [0.68, 0.68, 0.68]
		},
		"firstperson_lefthand": {
			"rotation": [0, -79, 18],
			"translation": [-0.87, 4.95, 0.13],
			"scale": [0.68, 0.68, 0.68]
		},
		"ground": {
			"translation": [0, 3, 0],
			"scale": [0.25, 0.25, 0.25]
		},
		"gui": {
			"rotation": [30, 135, 0],
			"translation": [0, 2.5, 0],
			"scale": [0.625, 0.625, 0.625]
		},
		"fixed": {
			"rotation": [-90, 0, 0],
			"translation": [0, 0, -14.25],
			"scale": [2, 2, 2]
		}
	}
}