{
	"credit": "Made with Blockbench",
	"textures": {
		"0": "./doc",
		"particle": "./doc"
	},
	"elements": [
		{
			"from": [4, 0, 0],
			"to": [12, 0, 13],
			"faces": {
				"north": {"uv": [0, 0, 8, 0], "texture": "#0"},
				"east": {"uv": [0, 0, 13, 0], "texture": "#0"},
				"south": {"uv": [0, 0, 8, 0], "texture": "#0"},
				"west": {"uv": [0, 0, 13, 0], "texture": "#0"},
				"up": {"uv": [8, 13, 0, 0], "texture": "#0"},
				"down": {"uv": [16, 0, 8, 13], "texture": "#0"}
			}
		}
	],
	"display": {
		"thirdperson_righthand": {
			"rotation": [90, 0, 0],
			"translation": [0, 2.75, 5.75],
			"scale": [0.7, 0.7, 0.7]
		},
		"thirdperson_lefthand": {
			"rotation": [90, 0, 0],
			"translation": [0, 3.5, 5.5],
			"scale": [0.7, 0.7, 0.71]
		},
		"firstperson_righthand": {
			"rotation": [71, -180, 0],
			"translation": [5.75, 3, 0]
		},
		"firstperson_lefthand": {
			"rotation": [71, 180, 0],
			"translation": [5.75, 3, 0]
		},
		"ground": {
			"translation": [0, 4.75, 0]
		},
		"gui": {
			"rotation": [66, 159, -11],
			"translation": [-0.5, 5.25, 0]
		},
		"fixed": {
			"rotation": [-90, 0, 0],
			"translation": [0, 3, -16.5],
			"scale": [2, 2, 2]
		}
	}
}