{
	"credit": "",
	"textures": {
		"0": "./anvil",
		"1": "./brewing_stand_base",
		"particle": "./anvil"
	},
	"elements": [
		{
			"from": [4, 1, 1],
			"to": [12, 9, 2],
			"faces": {
				"north": {"uv": [2, 6, 10, 14], "texture": "#0"},
				"east": {"uv": [0, 6, 1, 14], "texture": "#0"},
				"south": {"uv": [0, 0, 8, 8], "texture": "#0"},
				"west": {"uv": [15, 8, 16, 16], "texture": "#0"},
				"up": {"uv": [6, 6, 14, 7], "texture": "#0"},
				"down": {"uv": [3, 15, 11, 16], "texture": "#0"}
			}
		},
		{
			"from": [7, 4, 16],
			"to": [9, 6, 32],
			"faces": {
				"north": {"uv": [0, 0, 2, 2], "texture": "#1"},
				"east": {"uv": [0, 0, 16, 2], "texture": "#1"},
				"south": {"uv": [0, 0, 2, 2], "texture": "#1"},
				"west": {"uv": [0, 0, 16, 2], "texture": "#1"},
				"up": {"uv": [0, 0, 2, 16], "texture": "#1"},
				"down": {"uv": [0, 0, 2, 16], "texture": "#1"}
			}
		},
		{
			"from": [7, 4, 0],
			"to": [9, 6, 16],
			"faces": {
				"north": {"uv": [0, 0, 2, 2], "texture": "#1"},
				"east": {"uv": [0, 0, 16, 2], "texture": "#1"},
				"south": {"uv": [0, 0, 2, 2], "texture": "#1"},
				"west": {"uv": [0, 0, 16, 2], "texture": "#1"},
				"up": {"uv": [0, 0, 2, 16], "texture": "#1"},
				"down": {"uv": [0, 0, 2, 16], "texture": "#1"}
			}
		},
		{
			"from": [3, 0, 2],
			"to": [13, 10, 4],
			"faces": {
				"north": {"uv": [4, 4, 14, 14], "texture": "#0"},
				"east": {"uv": [0, 3, 2, 13], "texture": "#0"},
				"south": {"uv": [4, 4, 14, 14], "texture": "#0"},
				"west": {"uv": [14, 3, 16, 13], "texture": "#0"},
				"up": {"uv": [3, 14, 13, 16], "texture": "#0"},
				"down": {"uv": [3, 0, 13, 2], "texture": "#0"}
			}
		},
		{
			"from": [4, 1, 30],
			"to": [12, 9, 31],
			"rotation": {"angle": 0, "axis": "y", "origin": [0, 0, 16]},
			"faces": {
				"north": {"uv": [8, 0, 0, 8], "texture": "#0"},
				"east": {"uv": [1, 6, 0, 14], "texture": "#0"},
				"south": {"uv": [15, 0, 7, 8], "texture": "#0"},
				"west": {"uv": [16, 8, 15, 16], "texture": "#0"},
				"up": {"uv": [6, 7, 14, 6], "texture": "#0"},
				"down": {"uv": [3, 16, 11, 15], "texture": "#0"}
			}
		},
		{
			"from": [3, 0, 28],
			"to": [13, 10, 30],
			"rotation": {"angle": 0, "axis": "y", "origin": [0, 0, 16]},
			"faces": {
				"north": {"uv": [14, 4, 4, 14], "texture": "#0"},
				"east": {"uv": [2, 3, 0, 13], "texture": "#0"},
				"south": {"uv": [14, 4, 4, 14], "texture": "#0"},
				"west": {"uv": [16, 3, 14, 13], "texture": "#0"},
				"up": {"uv": [3, 16, 13, 14], "texture": "#0"},
				"down": {"uv": [3, 2, 13, 0], "texture": "#0"}
			}
		}
	],
	"gui_light": "front",
	"display": {
		"thirdperson_righthand": {
			"rotation": [90, 90, 0],
			"translation": [-14, 0, 5]
		},
		"thirdperson_lefthand": {
			"rotation": [90, 90, 0],
			"translation": [-14, 0, 5]
		},
		"firstperson_righthand": {
			"rotation": [0, -90, 25],
			"translation": [1.13, 3.2, 1.13],
			"scale": [0.68, 0.68, 0.68]
		},
		"firstperson_lefthand": {
			"rotation": [0, -90, 25],
			"translation": [1.13, 3.2, 1.13],
			"scale": [0.68, 0.68, 0.68]
		},
		"ground": {
			"translation": [0, 3, 0],
			"scale": [0.25, 0.25, 0.25]
		},
		"gui": {
			"rotation": [30, 135, 0],
			"translation": [-2.75, 0, 0],
			"scale": [0.5, 0.5, 0.5]
		},
		"fixed": {
			"rotation": [-90, 0, 0],
			"translation": [0, 0, -14.25],
			"scale": [2, 2, 2]
		}
	}
}