{
	"textures": {
		"3": "animated_java:blueprint/glistapple/apple",
		"particle": "minecraft:item/pufferfish"
	},
	"display": {
		"head": {
			"rotation": [0, 180, 0]
		}
	},
	"elements": [
		{
			"from": [3, 3, 11],
			"to": [5, 5, 13],
			"rotation": {
				"angle": 0,
				"axis": "y",
				"origin": [4, 3, 12]
			},
			"faces": {
				"north": {
					"uv": [3, 6, 4, 7],
					"texture": "#3"
				},
				"east": {
					"uv": [6, 3, 7, 4],
					"texture": "#3"
				},
				"south": {
					"uv": [4, 6, 5, 7],
					"texture": "#3"
				},
				"west": {
					"uv": [6, 4, 7, 5],
					"texture": "#3"
				},
				"up": {
					"uv": [6, 7, 5, 6],
					"texture": "#3"
				},
				"down": {
					"uv": [7, 5, 6, 6],
					"texture": "#3"
				}
			}
		},
		{
			"from": [2, -4, 9],
			"to": [8, 2, 15],
			"rotation": {
				"angle": 0,
				"axis": "y",
				"origin": [5, -4, 12]
			},
			"faces": {
				"north": {
					"uv": [0, 0, 3, 3],
					"texture": "#3"
				},
				"east": {
					"uv": [0, 3, 3, 6],
					"texture": "#3"
				},
				"south": {
					"uv": [3, 0, 6, 3],
					"texture": "#3"
				},
				"west": {
					"uv": [3, 3, 6, 6],
					"texture": "#3"
				},
				"up": {
					"uv": [3, 9, 0, 6],
					"texture": "#3"
				},
				"down": {
					"uv": [9, 0, 6, 3],
					"texture": "#3"
				}
			}
		},
		{
			"from": [5, 2, 12],
			"to": [6, 4, 12],
			"rotation": {
				"angle": 0,
				"axis": "y",
				"origin": [5, 2, 12]
			},
			"faces": {
				"north": {
					"uv": [6, 6, 6.5, 7],
					"texture": "#3"
				},
				"east": {
					"uv": [0, 0, 0, 1],
					"texture": "#3"
				},
				"south": {
					"uv": [6.5, 6, 7, 7],
					"texture": "#3"
				},
				"west": {
					"uv": [0, 0, 0, 1],
					"texture": "#3"
				},
				"up": {
					"uv": [0.5, 0, 0, 0],
					"texture": "#3"
				},
				"down": {
					"uv": [0.5, 0, 0, 0],
					"texture": "#3"
				}
			}
		}
	]
}