{
	"textures": {
		"1": "animated_java:blueprint/glistapple/belt_and_armsapple",
		"particle": "minecraft:item/pufferfish"
	},
	"display": {
		"head": {
			"rotation": [0, 180, 0]
		}
	},
	"elements": [
		{
			"from": [10, 15, 8],
			"to": [14, 20, 9],
			"rotation": {
				"angle": 5,
				"axis": "z",
				"origin": [13, 15, 8]
			},
			"faces": {
				"north": {
					"uv": [0, 5, 4, 10],
					"texture": "#1"
				},
				"east": {
					"uv": [9, 0, 10, 5],
					"texture": "#1"
				},
				"south": {
					"uv": [4, 5, 8, 10],
					"texture": "#1"
				},
				"west": {
					"uv": [9, 5, 10, 10],
					"texture": "#1"
				},
				"up": {
					"uv": [14, 2, 10, 1],
					"texture": "#1"
				},
				"down": {
					"uv": [14, 2, 10, 3],
					"texture": "#1"
				}
			}
		},
		{
			"from": [2, 15, 8],
			"to": [6, 20, 9],
			"rotation": {
				"angle": -7.5,
				"axis": "z",
				"origin": [5, 15, 8]
			},
			"faces": {
				"north": {
					"uv": [0, 0, 4, 5],
					"texture": "#1"
				},
				"east": {
					"uv": [8, 0, 9, 5],
					"texture": "#1"
				},
				"south": {
					"uv": [4, 0, 8, 5],
					"texture": "#1"
				},
				"west": {
					"uv": [8, 5, 9, 10],
					"texture": "#1"
				},
				"up": {
					"uv": [4, 11, 0, 10],
					"texture": "#1"
				},
				"down": {
					"uv": [14, 0, 10, 1],
					"texture": "#1"
				}
			}
		}
	]
}