{
	"textures": {
		"0": "animated_java:blueprint/glistapple/glistikappe",
		"particle": "minecraft:item/pufferfish"
	},
	"display": {
		"head": {
			"rotation": [0, 180, 0]
		}
	},
	"elements": [
		{
			"from": [-0.13436, 8, 0.09479],
			"to": [17.86564, 16, 16.09479],
			"rotation": {
				"angle": 0,
				"axis": "y",
				"origin": [8.86564, 8, 8.09479]
			},
			"faces": {
				"north": {
					"uv": [7.5, 4.5, 9.75, 5.5],
					"texture": "#0"
				},
				"east": {
					"uv": [8, 1.5, 10, 2.5],
					"texture": "#0"
				},
				"south": {
					"uv": [7.5, 5.5, 9.75, 6.5],
					"texture": "#0"
				},
				"west": {
					"uv": [7.25, 8, 9.25, 9],
					"texture": "#0"
				},
				"up": {
					"uv": [2.25, 2, 0, 0],
					"texture": "#0"
				},
				"down": {
					"uv": [2.25, 2, 0, 4],
					"texture": "#0"
				}
			}
		},
		{
			"from": [6.86564, 15, -0.90521],
			"to": [10.86564, 17, 2.09479],
			"rotation": {
				"angle": 0,
				"axis": "y",
				"origin": [9.86564, 14, -0.90521]
			},
			"faces": {
				"north": {
					"uv": [6, 3.125, 6.5, 3.375],
					"texture": "#0"
				},
				"east": {
					"uv": [9.5, 1.125, 9.875, 1.375],
					"texture": "#0"
				},
				"south": {
					"uv": [6.5, 3.125, 7, 3.375],
					"texture": "#0"
				},
				"west": {
					"uv": [9.75, 8.625, 10.125, 8.875],
					"texture": "#0"
				},
				"up": {
					"uv": [9.75, 9, 9.25, 8.625],
					"texture": "#0"
				},
				"down": {
					"uv": [10, 0.75, 9.5, 1.125],
					"texture": "#0"
				}
			}
		},
		{
			"from": [0.86564, 16, 2.09479],
			"to": [16.86564, 23, 15.09479],
			"rotation": {
				"angle": 0,
				"axis": "y",
				"origin": [8.86564, 16, 8.09479]
			},
			"faces": {
				"north": {
					"uv": [9.25, 7.75, 11.25, 8.625],
					"texture": "#0"
				},
				"east": {
					"uv": [1.75, 9.625, 3.375, 10.5],
					"texture": "#0"
				},
				"south": {
					"uv": [5.25, 9.375, 7.25, 10.25],
					"texture": "#0"
				},
				"west": {
					"uv": [3.375, 9.75, 5, 10.625],
					"texture": "#0"
				},
				"up": {
					"uv": [5.5, 5.625, 3.5, 4],
					"texture": "#0"
				},
				"down": {
					"uv": [6.25, 0, 4.25, 1.625],
					"texture": "#0"
				}
			}
		},
		{
			"from": [1.86564, 23, 2.09479],
			"to": [15.86564, 25, 15.09479],
			"rotation": {
				"angle": 0,
				"axis": "y",
				"origin": [8.86564, 23, 8.09479]
			},
			"faces": {
				"north": {
					"uv": [10, 1.875, 11.75, 2.125],
					"texture": "#0"
				},
				"east": {
					"uv": [10.5, 6.5, 12.125, 6.75],
					"texture": "#0"
				},
				"south": {
					"uv": [10, 2.125, 11.75, 2.375],
					"texture": "#0"
				},
				"west": {
					"uv": [10.5, 6.75, 12.125, 7],
					"texture": "#0"
				},
				"up": {
					"uv": [8, 1.625, 6.25, 0],
					"texture": "#0"
				},
				"down": {
					"uv": [7.25, 6.625, 5.5, 8.25],
					"texture": "#0"
				}
			}
		},
		{
			"from": [-0.13436, 8, -0.90521],
			"to": [15.86564, 14, -0.90521],
			"rotation": {
				"angle": -7.5,
				"axis": "z",
				"origin": [7.86564, 8, 0.09479]
			},
			"faces": {
				"north": {
					"uv": [9.25, 3.75, 11.25, 4.5],
					"texture": "#0"
				},
				"east": {
					"uv": [0, 0, 0, 0.75],
					"texture": "#0"
				},
				"south": {
					"uv": [9.5, 0, 11.5, 0.75],
					"texture": "#0"
				},
				"west": {
					"uv": [0, 0, 0, 0.75],
					"texture": "#0"
				},
				"up": {
					"uv": [2, 0, 0, 0],
					"texture": "#0"
				},
				"down": {
					"uv": [2, 0, 0, 0],
					"texture": "#0"
				}
			}
		}
	]
}