{
	"textures": {
		"0": "animated_java:blueprint/glistapple/glistikappe",
		"particle": "minecraft:item/pufferfish"
	},
	"display": {
		"head": {
			"rotation": [0, 180, 0]
		}
	},
	"elements": [
		{
			"from": [2, 6, 8],
			"to": [6, 11, 9],
			"rotation": {
				"angle": -7.5,
				"axis": "z",
				"origin": [5, 6, 8]
			},
			"faces": {
				"north": {
					"uv": [4.25, 3.375, 4.75, 4],
					"texture": "#0"
				},
				"east": {
					"uv": [3.375, 6, 3.5, 6.625],
					"texture": "#0"
				},
				"south": {
					"uv": [4.75, 3.375, 5.25, 4],
					"texture": "#0"
				},
				"west": {
					"uv": [9, 2.5, 9.125, 3.125],
					"texture": "#0"
				},
				"up": {
					"uv": [8, 6.625, 7.5, 6.5],
					"texture": "#0"
				},
				"down": {
					"uv": [8.5, 6.5, 8, 6.625],
					"texture": "#0"
				}
			}
		},
		{
			"from": [10, 6, 8],
			"to": [14, 11, 9],
			"rotation": {
				"angle": 5,
				"axis": "z",
				"origin": [13, 6, 8]
			},
			"faces": {
				"north": {
					"uv": [8, 2.5, 8.5, 3.125],
					"texture": "#0"
				},
				"east": {
					"uv": [9.125, 2.5, 9.25, 3.125],
					"texture": "#0"
				},
				"south": {
					"uv": [8.5, 2.5, 9, 3.125],
					"texture": "#0"
				},
				"west": {
					"uv": [10.125, 10.25, 10.25, 10.875],
					"texture": "#0"
				},
				"up": {
					"uv": [4, 8.625, 3.5, 8.5],
					"texture": "#0"
				},
				"down": {
					"uv": [9, 6.5, 8.5, 6.625],
					"texture": "#0"
				}
			}
		}
	]
}