{
	"textures": {
		"0": "animated_java:blueprint/glistapple/glistikappe",
		"particle": "minecraft:item/pufferfish"
	},
	"display": {
		"head": {
			"rotation": [0, 180, 0]
		}
	},
	"elements": [
		{
			"from": [6, 4, 7],
			"to": [10, 13, 16],
			"rotation": {
				"angle": 0,
				"axis": "y",
				"origin": [8, 4, 12]
			},
			"faces": {
				"north": {
					"uv": [9.375, 10.25, 9.875, 11.375],
					"texture": "#0"
				},
				"east": {
					"uv": [2, 6, 3.125, 7.125],
					"texture": "#0"
				},
				"south": {
					"uv": [10.25, 9.75, 10.75, 10.875],
					"texture": "#0"
				},
				"west": {
					"uv": [9.75, 4.5, 10.875, 5.625],
					"texture": "#0"
				},
				"up": {
					"uv": [2, 11.625, 1.5, 10.5],
					"texture": "#0"
				},
				"down": {
					"uv": [2.5, 10.5, 2, 11.625],
					"texture": "#0"
				}
			}
		},
		{
			"from": [7, 1, 14],
			"to": [9, 13, 20],
			"rotation": {
				"angle": 20,
				"axis": "x",
				"origin": [8, 4, 15]
			},
			"faces": {
				"north": {
					"uv": [9.875, 10.25, 10.125, 11.75],
					"texture": "#0"
				},
				"east": {
					"uv": [0, 10, 0.75, 11.5],
					"texture": "#0"
				},
				"south": {
					"uv": [2.5, 10.5, 2.75, 12],
					"texture": "#0"
				},
				"west": {
					"uv": [0.75, 10, 1.5, 11.5],
					"texture": "#0"
				},
				"up": {
					"uv": [2, 8.25, 1.75, 7.5],
					"texture": "#0"
				},
				"down": {
					"uv": [5.5, 8.625, 5.25, 9.375],
					"texture": "#0"
				}
			}
		},
		{
			"from": [7, 4, 4],
			"to": [9, 13, 9],
			"rotation": {
				"angle": -35,
				"axis": "x",
				"origin": [8, 8, 8]
			},
			"faces": {
				"north": {
					"uv": [3.125, 6, 3.375, 7.125],
					"texture": "#0"
				},
				"east": {
					"uv": [10.25, 8.625, 10.875, 9.75],
					"texture": "#0"
				},
				"south": {
					"uv": [2.75, 10.5, 3, 11.625],
					"texture": "#0"
				},
				"west": {
					"uv": [8.75, 10.25, 9.375, 11.375],
					"texture": "#0"
				},
				"up": {
					"uv": [5.5, 4, 5.25, 3.375],
					"texture": "#0"
				},
				"down": {
					"uv": [7.5, 4.5, 7.25, 5.125],
					"texture": "#0"
				}
			}
		}
	]
}