{
	"textures": {
		"1": "animated_java:blueprint/glistapple/belt_and_armsapple",
		"particle": "minecraft:item/pufferfish"
	},
	"display": {
		"head": {
			"rotation": [0, 180, 0]
		}
	},
	"elements": [
		{
			"from": [7, 8, 7],
			"to": [14, 10, 9],
			"rotation": {
				"angle": 0,
				"axis": "y",
				"origin": [8, 8, 8]
			},
			"faces": {
				"north": {
					"uv": [2, 0, 5.5, 1],
					"texture": "#1"
				},
				"east": {
					"uv": [11.5, 3, 12.5, 4],
					"texture": "#1"
				},
				"south": {
					"uv": [2, 1, 5.5, 2],
					"texture": "#1"
				},
				"west": {
					"uv": [0, 12, 1, 13],
					"texture": "#1"
				},
				"up": {
					"uv": [5.5, 3, 2, 2],
					"texture": "#1"
				},
				"down": {
					"uv": [5.5, 3, 2, 4],
					"texture": "#1"
				}
			}
		}
	]
}