{
	"textures": {
		"0": "animated_java:blueprint/glistapple/glistikappe",
		"particle": "minecraft:item/pufferfish"
	},
	"display": {
		"head": {
			"rotation": [0, 180, 0]
		}
	},
	"elements": [
		{
			"from": [1, 8, 7],
			"to": [15, 19, 23],
			"rotation": {
				"angle": 0,
				"axis": "y",
				"origin": [8, 8, 8]
			},
			"faces": {
				"north": {
					"uv": [7.25, 6.625, 9, 8],
					"texture": "#0"
				},
				"east": {
					"uv": [2, 7.125, 4, 8.5],
					"texture": "#0"
				},
				"south": {
					"uv": [0, 7.5, 1.75, 8.875],
					"texture": "#0"
				},
				"west": {
					"uv": [7.25, 3.125, 9.25, 4.5],
					"texture": "#0"
				},
				"up": {
					"uv": [1.75, 6, 0, 4],
					"texture": "#0"
				},
				"down": {
					"uv": [3.5, 4, 1.75, 6],
					"texture": "#0"
				}
			}
		}
	]
}