{
	"textures": {
		"1": "animated_java:blueprint/glistapple/belt_and_armsapple",
		"particle": "minecraft:item/pufferfish"
	},
	"display": {
		"head": {
			"rotation": [0, 180, 0]
		}
	},
	"elements": [
		{
			"from": [6, 9, 7],
			"to": [12, 11, 9],
			"rotation": {
				"angle": 0,
				"axis": "y",
				"origin": [7, 9, 8]
			},
			"faces": {
				"north": {
					"uv": [0, 6, 3, 7],
					"texture": "#1"
				},
				"east": {
					"uv": [3, 12, 4, 13],
					"texture": "#1"
				},
				"south": {
					"uv": [3, 6, 6, 7],
					"texture": "#1"
				},
				"west": {
					"uv": [4, 12, 5, 13],
					"texture": "#1"
				},
				"up": {
					"uv": [9, 7, 6, 6],
					"texture": "#1"
				},
				"down": {
					"uv": [3, 7, 0, 8],
					"texture": "#1"
				}
			}
		},
		{
			"from": [7, 8, 6],
			"to": [9, 12, 10],
			"rotation": {
				"angle": 0,
				"axis": "y",
				"origin": [8, 8, 8]
			},
			"faces": {
				"north": {
					"uv": [3, 7, 4, 9],
					"texture": "#1"
				},
				"east": {
					"uv": [0, 0, 2, 2],
					"texture": "#1"
				},
				"south": {
					"uv": [4, 7, 5, 9],
					"texture": "#1"
				},
				"west": {
					"uv": [0, 2, 2, 4],
					"texture": "#1"
				},
				"up": {
					"uv": [8, 6, 7, 4],
					"texture": "#1"
				},
				"down": {
					"uv": [6, 7, 5, 9],
					"texture": "#1"
				}
			}
		}
	]
}