{
	"credit": "Made with levnemcev",
	"texture_size": [32, 32],
	"textures": {
		"1": "./zont2"
	},
	"elements": [
		{
			"from": [6.5, -2, 6.5],
			"to": [9.5, 1, 9.5],
			"rotation": {"angle": 0, "axis": "y", "origin": [0, -2, 0]},
			"faces": {
				"north": {"uv": [5.5, 4, 7, 5.5], "texture": "#1"},
				"east": {"uv": [5.5, 5.5, 7, 7], "texture": "#1"},
				"south": {"uv": [3.5, 6, 5, 7.5], "texture": "#1"},
				"west": {"uv": [7, 0, 8.5, 1.5], "texture": "#1"},
				"up": {"uv": [8.5, 3, 7, 1.5], "texture": "#1"},
				"down": {"uv": [8.5, 3, 7, 4.5], "texture": "#1"}
			}
		},
		{
			"from": [6.5, 2, 6.5],
			"to": [9.5, 6, 9.5],
			"rotation": {"angle": 0, "axis": "y", "origin": [0, 2, 0]},
			"faces": {
				"north": {"uv": [5.5, 0, 7, 2], "texture": "#1"},
				"east": {"uv": [0.5, 5.5, 2, 7.5], "texture": "#1"},
				"south": {"uv": [2, 5.5, 3.5, 7.5], "texture": "#1"},
				"west": {"uv": [5.5, 2, 7, 4], "texture": "#1"},
				"up": {"uv": [8.5, 6, 7, 4.5], "texture": "#1"},
				"down": {"uv": [6.5, 7, 5, 8.5], "texture": "#1"}
			}
		},
		{
			"from": [7, -1, 7],
			"to": [9, 10, 9],
			"rotation": {"angle": 0, "axis": "y", "origin": [0.5, 8, 0.5]},
			"faces": {
				"north": {"uv": [0, 0, 1, 5.5], "texture": "#1"},
				"east": {"uv": [1, 0, 2, 5.5], "texture": "#1"},
				"south": {"uv": [2, 0, 3, 5.5], "texture": "#1"},
				"west": {"uv": [3, 0, 4, 5.5], "texture": "#1"},
				"up": {"uv": [8, 7, 7, 6], "texture": "#1"},
				"down": {"uv": [7.5, 7, 6.5, 8], "texture": "#1"}
			}
		},
		{
			"from": [7.5, -5, 7.5],
			"to": [8.5, 7, 8.5],
			"faces": {
				"north": {"uv": [4, 0, 4.5, 6], "texture": "#1"},
				"east": {"uv": [4.5, 0, 5, 6], "texture": "#1"},
				"south": {"uv": [5, 0, 5.5, 6], "texture": "#1"},
				"west": {"uv": [0, 5.5, 0.5, 11.5], "texture": "#1"},
				"up": {"uv": [8, 8, 7.5, 7.5], "texture": "#1"},
				"down": {"uv": [2.5, 8, 2, 8.5], "texture": "#1"}
			}
		},
		{
			"from": [7.5, -5, 6.5],
			"to": [8.5, -4, 7.5],
			"faces": {
				"north": {"uv": [3.5, 5.5, 4, 6], "texture": "#1"},
				"east": {"uv": [2, 7.5, 2.5, 8], "texture": "#1"},
				"south": {"uv": [2.5, 7.5, 3, 8], "texture": "#1"},
				"west": {"uv": [3, 7.5, 3.5, 8], "texture": "#1"},
				"up": {"uv": [4, 8, 3.5, 7.5], "texture": "#1"},
				"down": {"uv": [4.5, 7.5, 4, 8], "texture": "#1"}
			}
		},
		{
			"from": [7.5, -5, 5.5],
			"to": [8.5, -3, 6.5],
			"faces": {
				"north": {"uv": [5, 6, 5.5, 7], "texture": "#1"},
				"east": {"uv": [0.5, 7.5, 1, 8.5], "texture": "#1"},
				"south": {"uv": [1, 7.5, 1.5, 8.5], "texture": "#1"},
				"west": {"uv": [1.5, 7.5, 2, 8.5], "texture": "#1"},
				"up": {"uv": [5, 8, 4.5, 7.5], "texture": "#1"},
				"down": {"uv": [8, 7, 7.5, 7.5], "texture": "#1"}
			}
		}
	],
	"display": {
		"thirdperson_righthand": {
			"rotation": [-147, 0, 0],
			"translation": [-0.5, -7.25, -4.5],
			"scale": [1.3, 1.3, 1.3]
		},
		"thirdperson_lefthand": {
			"rotation": [-147, 0, 0],
			"translation": [-0.5, -7.25, -4.5],
			"scale": [1.3, 1.3, 1.3]
		},
		"firstperson_righthand": {
			"rotation": [161.25, 0, 0],
			"translation": [0, -4.75, 2.25]
		},
		"firstperson_lefthand": {
			"rotation": [161.25, 0, 0],
			"translation": [0, -4.75, 2.25]
		},
		"ground": {
			"rotation": [0, 0, 90],
			"translation": [-5, -3, 0]
		},
		"gui": {
			"rotation": [114.44, 35.23, -120.64],
			"translation": [6.25, 5.5, 0],
			"scale": [1.5, 1.5, 1.5]
		},
		"fixed": {
			"rotation": [-90, 50.25, 90],
			"translation": [-6, 10.5, -1.5],
			"scale": [2, 2, 2]
		}
	}
}