{
	"credit": "Made with levnemcev",
	"texture_size": [48, 48],
	"textures": {
		"1": "./zont1"
	},
	"elements": [
		{
			"from": [7.5, -5, 7.5],
			"to": [8.5, 15, 8.5],
			"faces": {
				"north": {"uv": [9, 6, 9.33333, 12.66667], "texture": "#1"},
				"east": {"uv": [9.33333, 6, 9.66667, 12.66667], "texture": "#1"},
				"south": {"uv": [9.66667, 6, 10, 12.66667], "texture": "#1"},
				"west": {"uv": [10, 6, 10.33333, 12.66667], "texture": "#1"},
				"up": {"uv": [10.66667, 9, 10.33333, 8.66667], "texture": "#1"},
				"down": {"uv": [10.66667, 9, 10.33333, 9.33333], "texture": "#1"}
			}
		},
		{
			"from": [7.5, -5, 6.5],
			"to": [8.5, -4, 7.5],
			"faces": {
				"north": {"uv": [10.33333, 9.33333, 10.66667, 9.66667], "texture": "#1"},
				"east": {"uv": [10.33333, 9.66667, 10.66667, 10], "texture": "#1"},
				"south": {"uv": [10.33333, 10, 10.66667, 10.33333], "texture": "#1"},
				"west": {"uv": [10.33333, 10.33333, 10.66667, 10.66667], "texture": "#1"},
				"up": {"uv": [11, 6.33333, 10.66667, 6], "texture": "#1"},
				"down": {"uv": [11, 6.33333, 10.66667, 6.66667], "texture": "#1"}
			}
		},
		{
			"from": [7.5, -5, 5.5],
			"to": [8.5, -3, 6.5],
			"faces": {
				"north": {"uv": [10.33333, 6, 10.66667, 6.66667], "texture": "#1"},
				"east": {"uv": [10.33333, 6.66667, 10.66667, 7.33333], "texture": "#1"},
				"south": {"uv": [10.33333, 7.33333, 10.66667, 8], "texture": "#1"},
				"west": {"uv": [10.33333, 8, 10.66667, 8.66667], "texture": "#1"},
				"up": {"uv": [11, 7, 10.66667, 6.66667], "texture": "#1"},
				"down": {"uv": [11, 7, 10.66667, 7.33333], "texture": "#1"}
			}
		},
		{
			"from": [-1.5, 15, -1.5],
			"to": [7.5, 15, 16.5],
			"rotation": {"angle": 22.5, "axis": "z", "origin": [7.5, 15, 8]},
			"faces": {
				"north": {"uv": [0, 0, 3, 0], "texture": "#1"},
				"east": {"uv": [0, 0, 6, 0], "texture": "#1"},
				"south": {"uv": [0, 0, 3, 0], "texture": "#1"},
				"west": {"uv": [0, 0, 6, 0], "texture": "#1"},
				"up": {"uv": [3, 9, 9, 12], "rotation": 90, "texture": "#1"},
				"down": {"uv": [9, 9, 3, 12], "rotation": 90, "texture": "#1"}
			}
		},
		{
			"from": [8.5, 15, -0.5],
			"to": [17.5, 15, 17.5],
			"rotation": {"angle": -22.5, "axis": "z", "origin": [8.5, 15, 8]},
			"faces": {
				"north": {"uv": [0, 0, 3, 0], "texture": "#1"},
				"east": {"uv": [0, 0, 6, 0], "texture": "#1"},
				"south": {"uv": [0, 0, 3, 0], "texture": "#1"},
				"west": {"uv": [0, 0, 6, 0], "texture": "#1"},
				"up": {"uv": [9, 12, 3, 9], "rotation": 90, "texture": "#1"},
				"down": {"uv": [3, 12, 9, 9], "rotation": 90, "texture": "#1"}
			}
		},
		{
			"from": [-0.5, 15, 8.5],
			"to": [17.5, 15, 17.5],
			"rotation": {"angle": 22.5, "axis": "x", "origin": [9, 15, 8.5]},
			"faces": {
				"north": {"uv": [0, 0, 6, 0], "texture": "#1"},
				"east": {"uv": [0, 0, 3, 0], "texture": "#1"},
				"south": {"uv": [0, 0, 6, 0], "texture": "#1"},
				"west": {"uv": [0, 0, 3, 0], "texture": "#1"},
				"up": {"uv": [9, 9, 3, 12], "texture": "#1"},
				"down": {"uv": [9, 12, 3, 9], "texture": "#1"}
			}
		},
		{
			"from": [-0.5, 15, -1.5],
			"to": [17.5, 15, 7.5],
			"rotation": {"angle": -22.5, "axis": "x", "origin": [8, 15, 7.5]},
			"faces": {
				"north": {"uv": [0, 0, 6, 0], "texture": "#1"},
				"east": {"uv": [0, 0, 3, 0], "texture": "#1"},
				"south": {"uv": [0, 0, 6, 0], "texture": "#1"},
				"west": {"uv": [0, 0, 3, 0], "texture": "#1"},
				"up": {"uv": [9, 12, 3, 9], "texture": "#1"},
				"down": {"uv": [9, 9, 3, 12], "texture": "#1"}
			}
		}
	],
	"display": {
		"thirdperson_righthand": {
			"rotation": [-119.25, 16, 180],
			"translation": [-0.75, 6.75, 14],
			"scale": [1.3, 1.3, 1.3]
		},
		"thirdperson_lefthand": {
			"rotation": [-102.75, 16, 180],
			"translation": [-0.75, 3, 14],
			"scale": [1.3, 1.3, 1.3]
		},
		"firstperson_righthand": {
			"rotation": [3, 0.31, 5.5],
			"translation": [-1.25, 9, 3.75]
		},
		"firstperson_lefthand": {
			"rotation": [3, 0.31, 5.5],
			"translation": [-1.25, 9, 3.75]
		},
		"gui": {
			"rotation": [30, 225, 0],
			"scale": [0.625, 0.625, 0.625]
		}
	}
}