{
	"credit": "Made with Blockbench",
	"texture_size": [32, 32],
	"textures": {
		"1": "./trube"
	},
	"elements": [
		{
			"from": [6.4, 3, 1],
			"to": [10.4, 7, 2],
			"faces": {
				"north": {"uv": [3, 0, 5, 2], "texture": "#1"},
				"east": {"uv": [1, 6, 1.5, 8], "texture": "#1"},
				"south": {"uv": [3, 2, 5, 4], "texture": "#1"},
				"west": {"uv": [1.5, 6, 2, 8], "texture": "#1"},
				"up": {"uv": [5.5, 6.5, 3.5, 6], "texture": "#1"},
				"down": {"uv": [8.5, 1, 6.5, 1.5], "texture": "#1"}
			}
		},
		{
			"from": [5.4, 2, 1],
			"to": [11.4, 8, 1],
			"faces": {
				"north": {"uv": [0, 0, 3, 3], "texture": "#1"},
				"east": {"uv": [0, 0, 0, 3], "texture": "#1"},
				"south": {"uv": [0, 3, 3, 6], "texture": "#1"},
				"west": {"uv": [0, 0, 0, 3], "texture": "#1"},
				"up": {"uv": [3, 0, 0, 0], "texture": "#1"},
				"down": {"uv": [3, 0, 0, 0], "texture": "#1"}
			}
		},
		{
			"from": [7.9, 4.5, 6],
			"to": [8.9, 5.5, 14],
			"faces": {
				"north": {"uv": [6.5, 2.5, 7, 3], "texture": "#1"},
				"east": {"uv": [3, 4, 7, 4.5], "texture": "#1"},
				"south": {"uv": [7, 2.5, 7.5, 3], "texture": "#1"},
				"west": {"uv": [3, 4.5, 7, 5], "texture": "#1"},
				"up": {"uv": [5.5, 4, 5, 0], "texture": "#1"},
				"down": {"uv": [3.5, 5, 3, 9], "texture": "#1"}
			}
		},
		{
			"from": [7.4, 4, 2],
			"to": [9.4, 6, 6],
			"faces": {
				"north": {"uv": [2, 6, 3, 7], "texture": "#1"},
				"east": {"uv": [3.5, 5, 5.5, 6], "texture": "#1"},
				"south": {"uv": [6.5, 1.5, 7.5, 2.5], "texture": "#1"},
				"west": {"uv": [5.5, 0, 7.5, 1], "texture": "#1"},
				"up": {"uv": [6.5, 3, 5.5, 1], "texture": "#1"},
				"down": {"uv": [6.5, 5, 5.5, 7], "texture": "#1"}
			}
		},
		{
			"from": [7.9, 1.5, 3],
			"to": [8.9, 2.5, 11],
			"faces": {
				"north": {"uv": [7, 4, 7.5, 4.5], "texture": "#1"},
				"east": {"uv": [5.5, 3, 9.5, 3.5], "texture": "#1"},
				"south": {"uv": [7, 4.5, 7.5, 5], "texture": "#1"},
				"west": {"uv": [5.5, 3.5, 9.5, 4], "texture": "#1"},
				"up": {"uv": [0.5, 10, 0, 6], "texture": "#1"},
				"down": {"uv": [1, 6, 0.5, 10], "texture": "#1"}
			}
		},
		{
			"from": [7.9, 2.5, 10],
			"to": [8.9, 4.5, 11],
			"faces": {
				"north": {"uv": [3.5, 6.5, 4, 7.5], "texture": "#1"},
				"east": {"uv": [4, 6.5, 4.5, 7.5], "texture": "#1"},
				"south": {"uv": [4.5, 6.5, 5, 7.5], "texture": "#1"},
				"west": {"uv": [5, 6.5, 5.5, 7.5], "texture": "#1"},
				"up": {"uv": [7.5, 5.5, 7, 5], "texture": "#1"},
				"down": {"uv": [6, 7, 5.5, 7.5], "texture": "#1"}
			}
		},
		{
			"from": [7.9, 2.5, 3],
			"to": [8.9, 4.5, 4],
			"faces": {
				"north": {"uv": [6.5, 5, 7, 6], "texture": "#1"},
				"east": {"uv": [6.5, 6, 7, 7], "texture": "#1"},
				"south": {"uv": [2, 7, 2.5, 8], "texture": "#1"},
				"west": {"uv": [2.5, 7, 3, 8], "texture": "#1"},
				"up": {"uv": [7.5, 6, 7, 5.5], "texture": "#1"},
				"down": {"uv": [6.5, 7, 6, 7.5], "texture": "#1"}
			}
		},
		{
			"from": [8.4, 5.5, 7],
			"to": [8.4, 6.5, 8],
			"faces": {
				"north": {"uv": [0, 0, 0, 0.5], "texture": "#1"},
				"east": {"uv": [7, 6, 7.5, 6.5], "texture": "#1"},
				"south": {"uv": [0, 0, 0, 0.5], "texture": "#1"},
				"west": {"uv": [6.5, 7, 7, 7.5], "texture": "#1"},
				"up": {"uv": [0, 0.5, 0, 0], "texture": "#1"},
				"down": {"uv": [0, 0, 0, 0.5], "texture": "#1"}
			}
		},
		{
			"from": [8.4, 5.5, 9],
			"to": [8.4, 6.5, 10],
			"faces": {
				"north": {"uv": [0, 0, 0, 0.5], "texture": "#1"},
				"east": {"uv": [7, 6.5, 7.5, 7], "texture": "#1"},
				"south": {"uv": [0, 0, 0, 0.5], "texture": "#1"},
				"west": {"uv": [7, 7, 7.5, 7.5], "texture": "#1"},
				"up": {"uv": [0, 0.5, 0, 0], "texture": "#1"},
				"down": {"uv": [0, 0, 0, 0.5], "texture": "#1"}
			}
		}
	],
	"display": {
		"thirdperson_righthand": {
			"rotation": [-90, 0, 0],
			"translation": [0, -1.25, -5]
		},
		"thirdperson_lefthand": {
			"rotation": [-90, 0, 0],
			"translation": [0, -1.25, -5]
		},
		"firstperson_righthand": {
			"translation": [0.5, 4.5, 0]
		},
		"firstperson_lefthand": {
			"translation": [2, 5, 0]
		},
		"ground": {
			"translation": [0, 3.5, 0]
		},
		"gui": {
			"rotation": [158.09, 42.39, -149.16],
			"translation": [3.75, 2.25, 0],
			"scale": [1.3, 1.3, 1.3]
		},
		"fixed": {
			"rotation": [0, 78.75, 0],
			"translation": [1.25, 7.25, -2.5],
			"scale": [2, 2, 2]
		}
	}
}