{
	"credit": "Made with Blockbench",
	"texture_size": [64, 64],
	"textures": {
		"0": "./anvil",
		"1": "./dozator",
		"particle": "./anvil"
	},
	"elements": [
		{
			"from": [11, 1, 0],
			"to": [12, 4, 16],
			"faces": {
				"north": {"uv": [0, 4, 1, 7], "texture": "#0"},
				"east": {"uv": [0, 0, 16, 3], "texture": "#0"},
				"south": {"uv": [0, 0, 1, 3], "texture": "#0"},
				"west": {"uv": [0, 0, 16, 3], "texture": "#0"},
				"up": {"uv": [0, 0, 1, 16], "texture": "#0"},
				"down": {"uv": [0, 0, 1, 16], "texture": "#0"}
			}
		},
		{
			"from": [4, 1, 0],
			"to": [5, 4, 16],
			"faces": {
				"north": {"uv": [0, 0, 1, 3], "texture": "#0"},
				"east": {"uv": [0, 0, 16, 3], "texture": "#0"},
				"south": {"uv": [0, 0, 1, 3], "texture": "#0"},
				"west": {"uv": [0, 0, 16, 3], "texture": "#0"},
				"up": {"uv": [0, 0, 1, 16], "texture": "#0"},
				"down": {"uv": [0, 0, 1, 16], "texture": "#0"}
			}
		},
		{
			"from": [5, 1, 15],
			"to": [11, 4, 16],
			"faces": {
				"north": {"uv": [0, 0, 6, 3], "texture": "#0"},
				"east": {"uv": [0, 0, 1, 3], "texture": "#0"},
				"south": {"uv": [10, 12, 16, 15], "texture": "#0"},
				"west": {"uv": [0, 0, 1, 3], "texture": "#0"},
				"up": {"uv": [5, 13, 11, 14], "texture": "#0"},
				"down": {"uv": [0, 0, 6, 1], "texture": "#0"}
			}
		},
		{
			"from": [5, 3, 8],
			"to": [11, 4, 8],
			"faces": {
				"north": {"uv": [4.5, 9, 11, 10.25], "texture": "#1"},
				"east": {"uv": [0, 0, 0, 0.25], "texture": "#1"},
				"south": {"uv": [9.5, 1, 16, 2.25], "texture": "#1"},
				"west": {"uv": [0, 0, 0, 0.25], "texture": "#1"},
				"up": {"uv": [0, 0, 1.5, 0], "texture": "#1"},
				"down": {"uv": [0, 0, 1.5, 0], "texture": "#1"}
			}
		},
		{
			"from": [5, 1, 0],
			"to": [11, 4, 1],
			"faces": {
				"north": {"uv": [1, 12, 7, 15], "texture": "#1"},
				"east": {"uv": [0, 0, 1, 3], "texture": "#1"},
				"south": {"uv": [0, 0, 6, 3], "texture": "#1"},
				"west": {"uv": [0, 0, 1, 3], "texture": "#1"},
				"up": {"uv": [10, 12, 16, 13], "texture": "#1"},
				"down": {"uv": [0, 0, 6, 1], "texture": "#1"}
			}
		},
		{
			"from": [4, 0, 0],
			"to": [12, 1, 16],
			"faces": {
				"north": {"uv": [8, 14, 16, 15], "texture": "#0"},
				"east": {"uv": [0, 11, 16, 12], "texture": "#0"},
				"south": {"uv": [0, 13, 8, 14], "texture": "#0"},
				"west": {"uv": [0, 7, 16, 8], "texture": "#0"},
				"up": {"uv": [0, 0, 8, 16], "texture": "#0"},
				"down": {"uv": [0, 0, 8, 16], "texture": "#0"}
			}
		},
		{
			"from": [6, 1, 1],
			"to": [10, 9, 7],
			"faces": {
				"north": {"uv": [3, 0, 4, 2], "texture": "#1"},
				"east": {"uv": [0, 0, 1.5, 2], "texture": "#1"},
				"south": {"uv": [3, 2, 4, 4], "texture": "#1"},
				"west": {"uv": [1.5, 0, 3, 2], "texture": "#1"},
				"up": {"uv": [1, 7.5, 0, 6], "texture": "#1"},
				"down": {"uv": [7, 0, 6, 1.5], "texture": "#1"}
			}
		},
		{
			"from": [10, 9, 10],
			"to": [11, 10, 14],
			"faces": {
				"north": {"uv": [1.25, 8.25, 1.5, 8.5], "texture": "#1"},
				"east": {"uv": [7.5, 1.75, 8.5, 2], "texture": "#1"},
				"south": {"uv": [1.5, 8.25, 1.75, 8.5], "texture": "#1"},
				"west": {"uv": [2.5, 7.5, 3.5, 7.75], "texture": "#1"},
				"up": {"uv": [7.75, 3.5, 7.5, 2.5], "texture": "#1"},
				"down": {"uv": [3.75, 7.5, 3.5, 8.5], "texture": "#1"}
			}
		},
		{
			"from": [5, 9, 10],
			"to": [6, 10, 14],
			"faces": {
				"north": {"uv": [8, 8, 8.25, 8.25], "texture": "#1"},
				"east": {"uv": [7.5, 1.25, 8.5, 1.5], "texture": "#1"},
				"south": {"uv": [1, 8.25, 1.25, 8.5], "texture": "#1"},
				"west": {"uv": [7.5, 1.5, 8.5, 1.75], "texture": "#1"},
				"up": {"uv": [2.25, 8.5, 2, 7.5], "texture": "#1"},
				"down": {"uv": [2.5, 7.5, 2.25, 8.5], "texture": "#1"}
			}
		},
		{
			"from": [6, 9, 9],
			"to": [10, 10, 15],
			"faces": {
				"north": {"uv": [1, 7.5, 2, 7.75], "texture": "#1"},
				"east": {"uv": [7, 0.5, 8.5, 0.75], "texture": "#1"},
				"south": {"uv": [7.5, 1, 8.5, 1.25], "texture": "#1"},
				"west": {"uv": [7, 0.75, 8.5, 1], "texture": "#1"},
				"up": {"uv": [7, 4.5, 6, 3], "texture": "#1"},
				"down": {"uv": [5, 6, 4, 7.5], "texture": "#1"}
			}
		},
		{
			"from": [7, 10, 10],
			"to": [9, 11, 14],
			"faces": {
				"north": {"uv": [7.5, 7.25, 8, 7.5], "texture": "#1"},
				"east": {"uv": [3.75, 7.5, 4.75, 7.75], "texture": "#1"},
				"south": {"uv": [7.75, 3, 8.25, 3.25], "texture": "#1"},
				"west": {"uv": [7.5, 4.5, 8.5, 4.75], "texture": "#1"},
				"up": {"uv": [6.75, 7.5, 6.25, 6.5], "texture": "#1"},
				"down": {"uv": [7.25, 4.5, 6.75, 5.5], "texture": "#1"}
			}
		},
		{
			"from": [9, 13, 4],
			"to": [11, 14, 4],
			"faces": {
				"north": {"uv": [6.5, 8, 7, 8.25], "texture": "#1"},
				"east": {"uv": [0, 0, 0, 0.25], "texture": "#1"},
				"south": {"uv": [8, 6.5, 8.5, 6.75], "texture": "#1"},
				"west": {"uv": [0, 0, 0, 0.25], "texture": "#1"},
				"up": {"uv": [0.5, 0, 0, 0], "texture": "#1"},
				"down": {"uv": [0.5, 0, 0, 0], "texture": "#1"}
			}
		},
		{
			"from": [7, 12, 3],
			"to": [9, 14, 5],
			"faces": {
				"north": {"uv": [7.5, 5.25, 8, 5.75], "texture": "#1"},
				"east": {"uv": [7.5, 5.75, 8, 6.25], "texture": "#1"},
				"south": {"uv": [6.25, 7.5, 6.75, 8], "texture": "#1"},
				"west": {"uv": [7.5, 6.25, 8, 6.75], "texture": "#1"},
				"up": {"uv": [7.25, 8, 6.75, 7.5], "texture": "#1"},
				"down": {"uv": [8, 6.75, 7.5, 7.25], "texture": "#1"}
			}
		},
		{
			"from": [7.5, 11, 3.5],
			"to": [8.5, 12, 4.5],
			"faces": {
				"north": {"uv": [8.25, 3, 8.5, 3.25], "texture": "#1"},
				"east": {"uv": [3.25, 8.25, 3.5, 8.5], "texture": "#1"},
				"south": {"uv": [8.25, 3.25, 8.5, 3.5], "texture": "#1"},
				"west": {"uv": [8.25, 3.5, 8.5, 3.75], "texture": "#1"},
				"up": {"uv": [4, 8.5, 3.75, 8.25], "texture": "#1"},
				"down": {"uv": [8.5, 3.75, 8.25, 4], "texture": "#1"}
			}
		},
		{
			"from": [9, 10, 3],
			"to": [10, 11, 5],
			"faces": {
				"north": {"uv": [8.25, 2.75, 8.5, 3], "texture": "#1"},
				"east": {"uv": [5.5, 8, 6, 8.25], "texture": "#1"},
				"south": {"uv": [3, 8.25, 3.25, 8.5], "texture": "#1"},
				"west": {"uv": [8, 5.75, 8.5, 6], "texture": "#1"},
				"up": {"uv": [8.25, 6.5, 8, 6], "texture": "#1"},
				"down": {"uv": [6.5, 8, 6.25, 8.5], "texture": "#1"}
			}
		},
		{
			"from": [6, 10, 3],
			"to": [7, 11, 5],
			"faces": {
				"north": {"uv": [8.25, 2.5, 8.5, 2.75], "texture": "#1"},
				"east": {"uv": [8, 4.25, 8.5, 4.5], "texture": "#1"},
				"south": {"uv": [2.75, 8.25, 3, 8.5], "texture": "#1"},
				"west": {"uv": [4.75, 8, 5.25, 8.25], "texture": "#1"},
				"up": {"uv": [5.5, 8.5, 5.25, 8], "texture": "#1"},
				"down": {"uv": [8.25, 5.25, 8, 5.75], "texture": "#1"}
			}
		},
		{
			"from": [7, 10, 2],
			"to": [9, 11, 6],
			"faces": {
				"north": {"uv": [7.5, 7.25, 8, 7.5], "texture": "#1"},
				"east": {"uv": [3.75, 7.5, 4.75, 7.75], "texture": "#1"},
				"south": {"uv": [7.75, 3, 8.25, 3.25], "texture": "#1"},
				"west": {"uv": [7.5, 4.5, 8.5, 4.75], "texture": "#1"},
				"up": {"uv": [6.75, 7.5, 6.25, 6.5], "texture": "#1"},
				"down": {"uv": [7.25, 4.5, 6.75, 5.5], "texture": "#1"}
			}
		},
		{
			"from": [9, 10, 11],
			"to": [10, 11, 13],
			"faces": {
				"north": {"uv": [8.25, 2.75, 8.5, 3], "texture": "#1"},
				"east": {"uv": [5.5, 8, 6, 8.25], "texture": "#1"},
				"south": {"uv": [3, 8.25, 3.25, 8.5], "texture": "#1"},
				"west": {"uv": [8, 5.75, 8.5, 6], "texture": "#1"},
				"up": {"uv": [8.25, 6.5, 8, 6], "texture": "#1"},
				"down": {"uv": [6.5, 8, 6.25, 8.5], "texture": "#1"}
			}
		},
		{
			"from": [7.5, 11, 11.5],
			"to": [8.5, 12, 12.5],
			"faces": {
				"north": {"uv": [8.25, 3, 8.5, 3.25], "texture": "#1"},
				"east": {"uv": [3.25, 8.25, 3.5, 8.5], "texture": "#1"},
				"south": {"uv": [8.25, 3.25, 8.5, 3.5], "texture": "#1"},
				"west": {"uv": [8.25, 3.5, 8.5, 3.75], "texture": "#1"},
				"up": {"uv": [4, 8.5, 3.75, 8.25], "texture": "#1"},
				"down": {"uv": [8.5, 3.75, 8.25, 4], "texture": "#1"}
			}
		},
		{
			"from": [7, 12, 11],
			"to": [9, 14, 13],
			"faces": {
				"north": {"uv": [7.5, 5.25, 8, 5.75], "texture": "#1"},
				"east": {"uv": [7.5, 5.75, 8, 6.25], "texture": "#1"},
				"south": {"uv": [6.25, 7.5, 6.75, 8], "texture": "#1"},
				"west": {"uv": [7.5, 6.25, 8, 6.75], "texture": "#1"},
				"up": {"uv": [7.25, 8, 6.75, 7.5], "texture": "#1"},
				"down": {"uv": [8, 6.75, 7.5, 7.25], "texture": "#1"}
			}
		},
		{
			"from": [9, 13, 12],
			"to": [11, 14, 12],
			"faces": {
				"north": {"uv": [6.5, 8, 7, 8.25], "texture": "#1"},
				"east": {"uv": [0, 0, 0, 0.25], "texture": "#1"},
				"south": {"uv": [8, 6.5, 8.5, 6.75], "texture": "#1"},
				"west": {"uv": [0, 0, 0, 0.25], "texture": "#1"},
				"up": {"uv": [0.5, 0, 0, 0], "texture": "#1"},
				"down": {"uv": [0.5, 0, 0, 0], "texture": "#1"}
			}
		},
		{
			"from": [6, 10, 11],
			"to": [7, 11, 13],
			"faces": {
				"north": {"uv": [8.25, 2.5, 8.5, 2.75], "texture": "#1"},
				"east": {"uv": [8, 4.25, 8.5, 4.5], "texture": "#1"},
				"south": {"uv": [2.75, 8.25, 3, 8.5], "texture": "#1"},
				"west": {"uv": [4.75, 8, 5.25, 8.25], "texture": "#1"},
				"up": {"uv": [5.5, 8.5, 5.25, 8], "texture": "#1"},
				"down": {"uv": [8.25, 5.25, 8, 5.75], "texture": "#1"}
			}
		},
		{
			"from": [10, 1, 10],
			"to": [11, 9, 14],
			"faces": {
				"north": {"uv": [6.5, 4.5, 6.75, 6.5], "texture": "#1"},
				"east": {"uv": [5, 2, 6, 4], "texture": "#1"},
				"south": {"uv": [6, 6.5, 6.25, 8.5], "texture": "#1"},
				"west": {"uv": [5, 4, 6, 6], "texture": "#1"},
				"up": {"uv": [0.75, 8.5, 0.5, 7.5], "texture": "#1"},
				"down": {"uv": [1, 7.5, 0.75, 8.5], "texture": "#1"}
			}
		},
		{
			"from": [5, 1, 10],
			"to": [6, 9, 14],
			"faces": {
				"north": {"uv": [5.75, 6, 6, 8], "texture": "#1"},
				"east": {"uv": [4, 4, 5, 6], "texture": "#1"},
				"south": {"uv": [6.25, 4.5, 6.5, 6.5], "texture": "#1"},
				"west": {"uv": [5, 0, 6, 2], "texture": "#1"},
				"up": {"uv": [0.25, 8.5, 0, 7.5], "texture": "#1"},
				"down": {"uv": [0.5, 7.5, 0.25, 8.5], "texture": "#1"}
			}
		},
		{
			"from": [6, 1, 9],
			"to": [10, 9, 15],
			"faces": {
				"north": {"uv": [4, 2, 5, 4], "texture": "#1"},
				"east": {"uv": [0, 2, 1.5, 4], "texture": "#1"},
				"south": {"uv": [3, 4, 4, 6], "texture": "#1"},
				"west": {"uv": [1.5, 2, 3, 4], "texture": "#1"},
				"up": {"uv": [3, 7.5, 2, 6], "texture": "#1"},
				"down": {"uv": [4, 6, 3, 7.5], "texture": "#1"}
			}
		},
		{
			"from": [6, 9, 1],
			"to": [10, 10, 7],
			"faces": {
				"north": {"uv": [7, 4, 8, 4.25], "texture": "#1"},
				"east": {"uv": [7, 0, 8.5, 0.25], "texture": "#1"},
				"south": {"uv": [7, 4.25, 8, 4.5], "texture": "#1"},
				"west": {"uv": [7, 0.25, 8.5, 0.5], "texture": "#1"},
				"up": {"uv": [2, 7.5, 1, 6], "texture": "#1"},
				"down": {"uv": [7, 1.5, 6, 3], "texture": "#1"}
			}
		},
		{
			"from": [5, 1, 2],
			"to": [6, 9, 6],
			"faces": {
				"north": {"uv": [6, 4.5, 6.25, 6.5], "texture": "#1"},
				"east": {"uv": [0, 4, 1, 6], "texture": "#1"},
				"south": {"uv": [5, 6, 5.25, 8], "texture": "#1"},
				"west": {"uv": [4, 0, 5, 2], "texture": "#1"},
				"up": {"uv": [7.25, 2, 7, 1], "texture": "#1"},
				"down": {"uv": [7.25, 2, 7, 3], "texture": "#1"}
			}
		},
		{
			"from": [10, 9, 2],
			"to": [11, 10, 6],
			"faces": {
				"north": {"uv": [7.5, 8, 7.75, 8.25], "texture": "#1"},
				"east": {"uv": [7.25, 3.5, 8.25, 3.75], "texture": "#1"},
				"south": {"uv": [8, 7.75, 8.25, 8], "texture": "#1"},
				"west": {"uv": [7.25, 3.75, 8.25, 4], "texture": "#1"},
				"up": {"uv": [7.5, 6.5, 7.25, 5.5], "texture": "#1"},
				"down": {"uv": [7.5, 6.5, 7.25, 7.5], "texture": "#1"}
			}
		},
		{
			"from": [5, 9, 2],
			"to": [6, 10, 6],
			"faces": {
				"north": {"uv": [8, 7, 8.25, 7.25], "texture": "#1"},
				"east": {"uv": [7.25, 2, 8.25, 2.25], "texture": "#1"},
				"south": {"uv": [8, 7.25, 8.25, 7.5], "texture": "#1"},
				"west": {"uv": [7.25, 2.25, 8.25, 2.5], "texture": "#1"},
				"up": {"uv": [7.5, 3.5, 7.25, 2.5], "texture": "#1"},
				"down": {"uv": [7.5, 4.5, 7.25, 5.5], "texture": "#1"}
			}
		},
		{
			"from": [10, 1, 2],
			"to": [11, 9, 6],
			"faces": {
				"north": {"uv": [5.25, 6, 5.5, 8], "texture": "#1"},
				"east": {"uv": [1, 4, 2, 6], "texture": "#1"},
				"south": {"uv": [5.5, 6, 5.75, 8], "texture": "#1"},
				"west": {"uv": [2, 4, 3, 6], "texture": "#1"},
				"up": {"uv": [7.25, 4, 7, 3], "texture": "#1"},
				"down": {"uv": [7.5, 1, 7.25, 2], "texture": "#1"}
			}
		}
	],
	"gui_light": "front",
	"display": {
		"thirdperson_righthand": {
			"rotation": [75, 45, 0],
			"translation": [0, 2.5, 0],
			"scale": [0.375, 0.375, 0.375]
		},
		"thirdperson_lefthand": {
			"rotation": [75, 45, 0],
			"translation": [0, 2.5, 0],
			"scale": [0.375, 0.375, 0.375]
		},
		"firstperson_righthand": {
			"rotation": [0, 45, 0],
			"scale": [0.4, 0.4, 0.4]
		},
		"firstperson_lefthand": {
			"rotation": [0, 225, 0],
			"scale": [0.4, 0.4, 0.4]
		},
		"ground": {
			"translation": [0, 3, 0],
			"scale": [0.25, 0.25, 0.25]
		},
		"gui": {
			"rotation": [30, 225, 0],
			"translation": [0, 1.25, 0],
			"scale": [0.625, 0.625, 0.625]
		},
		"fixed": {
			"rotation": [-90, 0, 0],
			"translation": [0, 0, -14.25],
			"scale": [2, 2, 2]
		}
	}
}