{
	"credit": "Made with Blockbench",
	"textures": {
		"0": "./texture",
		"particle": "./texture"
	},
	"elements": [
		{
			"from": [5, 1, 8],
			"to": [10, 9, 8],
			"faces": {
				"north": {"uv": [5, 0, 10, 8], "texture": "#0"},
				"east": {"uv": [0, 0, 0, 8], "texture": "#0"},
				"south": {"uv": [0, 0, 5, 8], "texture": "#0"},
				"west": {"uv": [0, 0, 0, 8], "texture": "#0"},
				"up": {"uv": [0, 5, 0, 0], "rotation": 90, "texture": "#0"},
				"down": {"uv": [0, 0, 0, 5], "rotation": 270, "texture": "#0"}
			}
		}
	],
	"display": {
		"thirdperson_righthand": {
			"translation": [-1.5, 1.75, 0.75]
		},
		"thirdperson_lefthand": {
			"rotation": [0, -180, 0],
			"translation": [-1.25, 2.25, 1.75]
		},
		"firstperson_righthand": {
			"translation": [0, 4.25, 0],
			"scale": [1.5, 1.5, 1.5]
		},
		"firstperson_lefthand": {
			"rotation": [0, -180, 0],
			"translation": [0, 4.75, 0],
			"scale": [1.5, 1.5, 1.51]
		},
		"ground": {
			"translation": [0, 5.25, 0],
			"scale": [1.5, 1.5, 1.5]
		},
		"gui": {
			"rotation": [-22, 165, 18],
			"translation": [0, 3, 0],
			"scale": [1.5, 1.5, 1.5]
		},
		"head": {
			"translation": [-5.75, -2.5, -7.5],
			"scale": [1.5, 1.5, 1.5]
		},
		"fixed": {
			"translation": [0, 2.25, 0],
			"scale": [1.5, 1.5, 1.5]
		}
	}
}