{
	"credit": "Made with Blockbench",
	"texture_size": [32, 32],
	"textures": {
		"0": "./book",
		"particle": "./book"
	},
	"elements": [
		{
			"from": [3.6, 7, 3.5],
			"to": [12.6, 10, 12.5],
			"faces": {
				"north": {"uv": [4.5, 0, 9, 1.5], "texture": "#0"},
				"east": {"uv": [4.5, 1.5, 9, 3], "texture": "#0"},
				"south": {"uv": [4.5, 3, 9, 4.5], "texture": "#0"},
				"west": {"uv": [4.5, 4.5, 9, 6], "texture": "#0"},
				"up": {"uv": [4.5, 4.5, 0, 0], "texture": "#0"},
				"down": {"uv": [4.5, 4.5, 0, 9], "texture": "#0"}
			}
		},
		{
			"from": [3.6, 5, 3.5],
			"to": [12.6, 7, 3.5],
			"faces": {
				"north": {"uv": [4.5, 6, 9, 7], "texture": "#0"},
				"east": {"uv": [0, 0, 0, 1], "texture": "#0"},
				"south": {"uv": [4.5, 7, 9, 8], "texture": "#0"},
				"west": {"uv": [0, 0, 0, 1], "texture": "#0"},
				"up": {"uv": [4.5, 0, 0, 0], "texture": "#0"},
				"down": {"uv": [4.5, 0, 0, 0], "texture": "#0"}
			}
		},
		{
			"from": [3.6, 6, 12.5],
			"to": [12.6, 7, 12.5],
			"faces": {
				"north": {"uv": [4.5, 8, 9, 8.5], "texture": "#0"},
				"east": {"uv": [0, 0, 0, 0.5], "texture": "#0"},
				"south": {"uv": [4.5, 8.5, 9, 9], "texture": "#0"},
				"west": {"uv": [0, 0, 0, 0.5], "texture": "#0"},
				"up": {"uv": [4.5, 0, 0, 0], "texture": "#0"},
				"down": {"uv": [4.5, 0, 0, 0], "texture": "#0"}
			}
		}
	],
	"display": {
		"thirdperson_righthand": {
			"translation": [0, 1, -0.75]
		},
		"thirdperson_lefthand": {
			"translation": [0, 0.75, -2.25]
		},
		"ground": {
			"translation": [0, -2.5, 0],
			"scale": [1.6, 1.6, 1.6]
		},
		"gui": {
			"rotation": [24, 24, 4],
			"translation": [0, -0.5, 0],
			"scale": [1.2, 1.2, 1.2]
		},
		"head": {
			"translation": [0, 4.75, 0],
			"scale": [1.67227, 1.6, 1.60586]
		},
		"fixed": {
			"rotation": [-90, 0, 0],
			"translation": [0, 0, -1.75],
			"scale": [2, 2, 2]
		}
	}
}