{
	"credit": "Made with Blockbench",
	"texture_size": [64, 64],
	"textures": {
		"0": "./parrot",
		"particle": "./parrot"
	},
	"elements": [
		{
			"name": "head",
			"from": [7, 6.5, 5.5],
			"to": [9, 9.5, 7.5],
			"rotation": {"angle": 0, "axis": "y", "origin": [8, 0, 9]},
			"faces": {
				"north": {"uv": [1, 1, 1.5, 1.75], "texture": "#0"},
				"east": {"uv": [0.5, 1, 1, 1.75], "texture": "#0"},
				"south": {"uv": [2, 1, 2.5, 1.75], "texture": "#0"},
				"west": {"uv": [1.5, 1, 2, 1.75], "texture": "#0"},
				"up": {"uv": [1.5, 1, 1, 0.5], "texture": "#0"},
				"down": {"uv": [2, 0.5, 1.5, 1], "texture": "#0"}
			}
		},
		{
			"name": "head",
			"from": [7, 9.5, 3.5],
			"to": [9, 10.5, 7.5],
			"rotation": {"angle": 0, "axis": "y", "origin": [8, 0, 9]},
			"faces": {
				"north": {"uv": [3.5, 1, 4, 1.25], "texture": "#0"},
				"east": {"uv": [2.5, 1, 3.5, 1.25], "texture": "#0"},
				"south": {"uv": [5, 1, 5.5, 1.25], "texture": "#0"},
				"west": {"uv": [4, 1, 5, 1.25], "texture": "#0"},
				"up": {"uv": [4, 1, 3.5, 0], "texture": "#0"},
				"down": {"uv": [4.5, 0, 4, 1], "texture": "#0"}
			}
		},
		{
			"name": "head",
			"from": [7.5, 7.5, 4.5],
			"to": [8.5, 9.5, 5.5],
			"rotation": {"angle": 0, "axis": "y", "origin": [8, 0, 9]},
			"faces": {
				"north": {"uv": [3, 2, 3.25, 2.5], "texture": "#0"},
				"east": {"uv": [2.75, 2, 3, 2.5], "texture": "#0"},
				"south": {"uv": [3.5, 2, 3.75, 2.5], "texture": "#0"},
				"west": {"uv": [3.25, 2, 3.5, 2.5], "texture": "#0"},
				"up": {"uv": [3.25, 2, 3, 1.75], "texture": "#0"},
				"down": {"uv": [3.5, 1.75, 3.25, 2], "texture": "#0"}
			}
		},
		{
			"name": "head",
			"from": [7.51, 7.76, 3.56],
			"to": [8.49, 9.74, 4.54],
			"rotation": {"angle": 0, "axis": "y", "origin": [8, 0, 9]},
			"faces": {
				"north": {"uv": [4.25, 2, 4.5, 2.5], "texture": "#0"},
				"east": {"uv": [4, 2, 4.25, 2.5], "texture": "#0"},
				"south": {"uv": [4.75, 2, 5, 2.5], "texture": "#0"},
				"west": {"uv": [4.5, 2, 4.75, 2.5], "texture": "#0"},
				"up": {"uv": [4.5, 2, 4.25, 1.75], "texture": "#0"},
				"down": {"uv": [4.75, 1.75, 4.5, 2], "texture": "#0"}
			}
		},
		{
			"name": "feather",
			"from": [8, 9.5, 4.5],
			"to": [8, 14.5, 8.5],
			"rotation": {"angle": 0, "axis": "y", "origin": [8, 0, 9]},
			"faces": {
				"north": {"uv": [1.5, 5.5, 1.5, 6.75], "texture": "#0"},
				"east": {"uv": [0.5, 5.5, 1.5, 6.75], "texture": "#0"},
				"south": {"uv": [2.5, 5.5, 2.5, 6.75], "texture": "#0"},
				"west": {"uv": [1.5, 5.5, 2.5, 6.75], "texture": "#0"},
				"up": {"uv": [1.5, 5.5, 1.5, 4.5], "texture": "#0"},
				"down": {"uv": [1.5, 4.5, 1.5, 5.5], "texture": "#0"}
			}
		},
		{
			"name": "left_wing_rotation",
			"from": [6, 2.7, 6.2],
			"to": [7, 7.7, 9.2],
			"rotation": {"angle": -22.5, "axis": "x", "origin": [6.3, 6.6, 9]},
			"faces": {
				"north": {"uv": [5.5, 2.75, 5.75, 4], "texture": "#0"},
				"east": {"uv": [4.75, 2.75, 5.5, 4], "texture": "#0"},
				"south": {"uv": [6.5, 2.75, 6.75, 4], "texture": "#0"},
				"west": {"uv": [5.75, 2.75, 6.5, 4], "texture": "#0"},
				"up": {"uv": [5.75, 2.75, 5.5, 2], "texture": "#0"},
				"down": {"uv": [6, 2, 5.75, 2.75], "texture": "#0"}
			}
		},
		{
			"name": "right_wing_rotation",
			"from": [9, 2.7, 6.2],
			"to": [10, 7.7, 9.2],
			"rotation": {"angle": -22.5, "axis": "x", "origin": [9.9, 6.7, 9]},
			"faces": {
				"north": {"uv": [5.5, 2.75, 5.75, 4], "texture": "#0"},
				"east": {"uv": [4.75, 2.75, 5.5, 4], "texture": "#0"},
				"south": {"uv": [6.5, 2.75, 6.75, 4], "texture": "#0"},
				"west": {"uv": [5.75, 2.75, 6.5, 4], "texture": "#0"},
				"up": {"uv": [5.75, 2.75, 5.5, 2], "texture": "#0"},
				"down": {"uv": [6, 2, 5.75, 2.75], "texture": "#0"}
			}
		},
		{
			"name": "tail",
			"from": [6.5, 3.1, 7.6],
			"to": [9.5, 7.1, 8.6],
			"rotation": {"angle": 45, "axis": "x", "origin": [8, 0, 9]},
			"faces": {
				"north": {"uv": [5.75, 0.5, 6.5, 1.5], "texture": "#0"},
				"east": {"uv": [5.5, 0.5, 5.75, 1.5], "texture": "#0"},
				"south": {"uv": [6.75, 0.5, 7.5, 1.5], "texture": "#0"},
				"west": {"uv": [6.5, 0.5, 6.75, 1.5], "texture": "#0"},
				"up": {"uv": [6.5, 0.5, 5.75, 0.25], "texture": "#0"},
				"down": {"uv": [7.25, 0.25, 6.5, 0.5], "texture": "#0"}
			}
		},
		{
			"name": "body",
			"from": [6.5, 1.5, 8.5],
			"to": [9.5, 7.5, 11.5],
			"rotation": {"angle": -22.5, "axis": "x", "origin": [8, 0, 9]},
			"faces": {
				"north": {"uv": [1.25, 2.75, 2, 4.25], "texture": "#0"},
				"east": {"uv": [0.5, 2.75, 1.25, 4.25], "texture": "#0"},
				"south": {"uv": [2.75, 2.75, 3.5, 4.25], "texture": "#0"},
				"west": {"uv": [2, 2.75, 2.75, 4.25], "texture": "#0"},
				"up": {"uv": [2, 2.75, 1.25, 2], "texture": "#0"},
				"down": {"uv": [2.75, 2, 2, 2.75], "texture": "#0"}
			}
		},
		{
			"name": "left_leg",
			"from": [8.5, 0, 8.5],
			"to": [9.5, 2, 8.5],
			"rotation": {"angle": 0, "axis": "y", "origin": [8, 0, 9]},
			"faces": {
				"north": {"uv": [3.5, 4.5, 3.75, 5], "texture": "#0"},
				"east": {"uv": [3.5, 4.5, 3.5, 5], "texture": "#0"},
				"south": {"uv": [3.75, 4.5, 4, 5], "texture": "#0"},
				"west": {"uv": [3.75, 4.5, 3.75, 5], "texture": "#0"},
				"up": {"uv": [3.75, 4.5, 3.5, 4.5], "texture": "#0"},
				"down": {"uv": [4, 4.5, 3.75, 4.5], "texture": "#0"}
			}
		},
		{
			"name": "left_leg",
			"from": [8.5, 0, 7.5],
			"to": [9.5, 0, 8.5],
			"rotation": {"angle": 0, "axis": "y", "origin": [8, 0, 9]},
			"faces": {
				"north": {"uv": [3.75, 4.75, 4, 4.75], "texture": "#0"},
				"east": {"uv": [3.5, 4.75, 3.75, 4.75], "texture": "#0"},
				"south": {"uv": [4.25, 4.75, 4.5, 4.75], "texture": "#0"},
				"west": {"uv": [4, 4.75, 4.25, 4.75], "texture": "#0"},
				"up": {"uv": [4, 4.75, 3.75, 4.5], "texture": "#0"},
				"down": {"uv": [4.25, 4.5, 4, 4.75], "texture": "#0"}
			}
		},
		{
			"name": "right_leg",
			"from": [6.5, 0, 8.5],
			"to": [7.5, 2, 8.5],
			"rotation": {"angle": 0, "axis": "y", "origin": [8, 0, 9]},
			"faces": {
				"north": {"uv": [3.5, 4.5, 3.75, 5], "texture": "#0"},
				"east": {"uv": [3.5, 4.5, 3.5, 5], "texture": "#0"},
				"south": {"uv": [3.75, 4.5, 4, 5], "texture": "#0"},
				"west": {"uv": [3.75, 4.5, 3.75, 5], "texture": "#0"},
				"up": {"uv": [3.75, 4.5, 3.5, 4.5], "texture": "#0"},
				"down": {"uv": [4, 4.5, 3.75, 4.5], "texture": "#0"}
			}
		},
		{
			"name": "right_leg",
			"from": [6.5, 0, 7.5],
			"to": [7.5, 0, 8.5],
			"rotation": {"angle": 0, "axis": "y", "origin": [8, 0, 9]},
			"faces": {
				"north": {"uv": [3.75, 4.75, 4, 4.75], "texture": "#0"},
				"east": {"uv": [3.5, 4.75, 3.75, 4.75], "texture": "#0"},
				"south": {"uv": [4.25, 4.75, 4.5, 4.75], "texture": "#0"},
				"west": {"uv": [4, 4.75, 4.25, 4.75], "texture": "#0"},
				"up": {"uv": [4, 4.75, 3.75, 4.5], "texture": "#0"},
				"down": {"uv": [4.25, 4.5, 4, 4.75], "texture": "#0"}
			}
		},
		{
			"name": "left_wing_rotation",
			"from": [5.5, 2.1, 5.8],
			"to": [6.5, 7.1, 8.8],
			"rotation": {"angle": -22.5, "axis": "x", "origin": [5.8, 6, 8.6]},
			"faces": {
				"north": {"uv": [5, 14.5, 5.25, 15.75], "texture": "#0"},
				"east": {"uv": [4.25, 14.5, 5, 15.75], "texture": "#0"},
				"south": {"uv": [6, 14.5, 6.25, 15.75], "texture": "#0"},
				"west": {"uv": [5.25, 14.5, 6, 15.75], "texture": "#0"},
				"up": {"uv": [5.25, 14.5, 5, 13.75], "texture": "#0"},
				"down": {"uv": [5.5, 13.75, 5.25, 14.5], "texture": "#0"}
			}
		},
		{
			"name": "right_wing_rotation",
			"from": [8.5, 2.1, 5.8],
			"to": [9.5, 7.1, 8.8],
			"rotation": {"angle": -22.5, "axis": "x", "origin": [9.4, 6.1, 8.6]},
			"faces": {
				"north": {"uv": [5, 14.5, 5.25, 15.75], "texture": "#0"},
				"east": {"uv": [4.25, 14.5, 5, 15.75], "texture": "#0"},
				"south": {"uv": [6, 14.5, 6.25, 15.75], "texture": "#0"},
				"west": {"uv": [5.25, 14.5, 6, 15.75], "texture": "#0"},
				"up": {"uv": [5.25, 14.5, 5, 13.75], "texture": "#0"},
				"down": {"uv": [5.5, 13.75, 5.25, 14.5], "texture": "#0"}
			}
		},
		{
			"name": "tail",
			"from": [6, 2.5, 7.2],
			"to": [9, 6.5, 8.2],
			"rotation": {"angle": 45, "axis": "x", "origin": [7.5, -0.6, 8.6]},
			"faces": {
				"north": {"uv": [5.25, 12.25, 6, 13.25], "texture": "#0"},
				"east": {"uv": [5, 12.25, 5.25, 13.25], "texture": "#0"},
				"south": {"uv": [6.25, 12.25, 7, 13.25], "texture": "#0"},
				"west": {"uv": [6, 12.25, 6.25, 13.25], "texture": "#0"},
				"up": {"uv": [6, 12.25, 5.25, 12], "texture": "#0"},
				"down": {"uv": [6.75, 12, 6, 12.25], "texture": "#0"}
			}
		},
		{
			"name": "body",
			"from": [6, 0.9, 8.1],
			"to": [9, 6.9, 11.1],
			"rotation": {"angle": -22.5, "axis": "x", "origin": [7.5, -0.6, 8.6]},
			"faces": {
				"north": {"uv": [0.75, 14.5, 1.5, 16], "texture": "#0"},
				"east": {"uv": [0, 14.5, 0.75, 16], "texture": "#0"},
				"south": {"uv": [2.25, 14.5, 3, 16], "texture": "#0"},
				"west": {"uv": [1.5, 14.5, 2.25, 16], "texture": "#0"},
				"up": {"uv": [1.5, 14.5, 0.75, 13.75], "texture": "#0"},
				"down": {"uv": [2.25, 13.75, 1.5, 14.5], "texture": "#0"}
			}
		},
		{
			"name": "left_wing_rotation",
			"from": [6.5, 2.1, 5.8],
			"to": [7.5, 7.1, 8.8],
			"rotation": {"angle": -22.5, "axis": "x", "origin": [6.8, 6, 8.6]},
			"faces": {
				"north": {"uv": [14, 6.5, 14.25, 7.75], "texture": "#0"},
				"east": {"uv": [13.25, 6.5, 14, 7.75], "texture": "#0"},
				"south": {"uv": [15, 6.5, 15.25, 7.75], "texture": "#0"},
				"west": {"uv": [14.25, 6.5, 15, 7.75], "texture": "#0"},
				"up": {"uv": [14.25, 6.5, 14, 5.75], "texture": "#0"},
				"down": {"uv": [14.5, 5.75, 14.25, 6.5], "texture": "#0"}
			}
		},
		{
			"name": "right_wing_rotation",
			"from": [9.5, 2.1, 5.8],
			"to": [10.5, 7.1, 8.8],
			"rotation": {"angle": -22.5, "axis": "x", "origin": [10.4, 6.1, 8.6]},
			"faces": {
				"north": {"uv": [14, 6.5, 14.25, 7.75], "texture": "#0"},
				"east": {"uv": [13.25, 6.5, 14, 7.75], "texture": "#0"},
				"south": {"uv": [15, 6.5, 15.25, 7.75], "texture": "#0"},
				"west": {"uv": [14.25, 6.5, 15, 7.75], "texture": "#0"},
				"up": {"uv": [14.25, 6.5, 14, 5.75], "texture": "#0"},
				"down": {"uv": [14.5, 5.75, 14.25, 6.5], "texture": "#0"}
			}
		},
		{
			"name": "tail",
			"from": [7, 2.5, 7.2],
			"to": [10, 6.5, 8.2],
			"rotation": {"angle": 45, "axis": "x", "origin": [8.5, -0.6, 8.6]},
			"faces": {
				"north": {"uv": [14.25, 4.25, 15, 5.25], "texture": "#0"},
				"east": {"uv": [14, 4.25, 14.25, 5.25], "texture": "#0"},
				"south": {"uv": [15.25, 4.25, 16, 5.25], "texture": "#0"},
				"west": {"uv": [15, 4.25, 15.25, 5.25], "texture": "#0"},
				"up": {"uv": [15, 4.25, 14.25, 4], "texture": "#0"},
				"down": {"uv": [15.75, 4, 15, 4.25], "texture": "#0"}
			}
		},
		{
			"name": "body",
			"from": [7, 0.9, 8.1],
			"to": [10, 6.9, 11.1],
			"rotation": {"angle": -22.5, "axis": "x", "origin": [8.5, -0.6, 8.6]},
			"faces": {
				"north": {"uv": [9.75, 6.5, 10.5, 8], "texture": "#0"},
				"east": {"uv": [9, 6.5, 9.75, 8], "texture": "#0"},
				"south": {"uv": [11.25, 6.5, 12, 8], "texture": "#0"},
				"west": {"uv": [10.5, 6.5, 11.25, 8], "texture": "#0"},
				"up": {"uv": [10.5, 6.5, 9.75, 5.75], "texture": "#0"},
				"down": {"uv": [11.25, 5.75, 10.5, 6.5], "texture": "#0"}
			}
		},
		{
			"name": "head",
			"from": [7, 5.5, 5.5],
			"to": [9, 8.5, 7.5],
			"rotation": {"angle": 0, "axis": "y", "origin": [8, 0, 9]},
			"faces": {
				"north": {"uv": [9, 9, 9.5, 9.75], "texture": "#0"},
				"east": {"uv": [8.5, 9, 9, 9.75], "texture": "#0"},
				"south": {"uv": [10, 9, 10.5, 9.75], "texture": "#0"},
				"west": {"uv": [9.5, 9, 10, 9.75], "texture": "#0"},
				"up": {"uv": [9.5, 9, 9, 8.5], "texture": "#0"},
				"down": {"uv": [10, 8.5, 9.5, 9], "texture": "#0"}
			}
		},
		{
			"name": "head",
			"from": [7, 8.5, 3.5],
			"to": [9, 9.5, 7.5],
			"rotation": {"angle": 0, "axis": "y", "origin": [8, 0, 9]},
			"faces": {
				"north": {"uv": [11.5, 9, 12, 9.25], "texture": "#0"},
				"east": {"uv": [10.5, 9, 11.5, 9.25], "texture": "#0"},
				"south": {"uv": [13, 9, 13.5, 9.25], "texture": "#0"},
				"west": {"uv": [12, 9, 13, 9.25], "texture": "#0"},
				"up": {"uv": [12, 9, 11.5, 8], "texture": "#0"},
				"down": {"uv": [12.5, 8, 12, 9], "texture": "#0"}
			}
		},
		{
			"name": "head",
			"from": [7.5, 6.5, 4.5],
			"to": [8.5, 8.5, 5.5],
			"rotation": {"angle": 0, "axis": "y", "origin": [8, 0, 9]},
			"faces": {
				"north": {"uv": [11, 10, 11.25, 10.5], "texture": "#0"},
				"east": {"uv": [10.75, 10, 11, 10.5], "texture": "#0"},
				"south": {"uv": [11.5, 10, 11.75, 10.5], "texture": "#0"},
				"west": {"uv": [11.25, 10, 11.5, 10.5], "texture": "#0"},
				"up": {"uv": [11.25, 10, 11, 9.75], "texture": "#0"},
				"down": {"uv": [11.5, 9.75, 11.25, 10], "texture": "#0"}
			}
		},
		{
			"name": "head",
			"from": [7.51, 6.76, 3.56],
			"to": [8.49, 8.74, 4.54],
			"rotation": {"angle": 0, "axis": "y", "origin": [8, 0, 9]},
			"faces": {
				"north": {"uv": [12.25, 10, 12.5, 10.5], "texture": "#0"},
				"east": {"uv": [12, 10, 12.25, 10.5], "texture": "#0"},
				"south": {"uv": [12.75, 10, 13, 10.5], "texture": "#0"},
				"west": {"uv": [12.5, 10, 12.75, 10.5], "texture": "#0"},
				"up": {"uv": [12.5, 10, 12.25, 9.75], "texture": "#0"},
				"down": {"uv": [12.75, 9.75, 12.5, 10], "texture": "#0"}
			}
		},
		{
			"name": "feather",
			"from": [8, 8.5, 4.5],
			"to": [8, 13.5, 8.5],
			"rotation": {"angle": 0, "axis": "y", "origin": [8, 0, 9]},
			"faces": {
				"north": {"uv": [9.5, 13.5, 9.5, 14.75], "texture": "#0"},
				"east": {"uv": [8.5, 13.5, 9.5, 14.75], "texture": "#0"},
				"south": {"uv": [10.5, 13.5, 10.5, 14.75], "texture": "#0"},
				"west": {"uv": [9.5, 13.5, 10.5, 14.75], "texture": "#0"},
				"up": {"uv": [9.5, 13.5, 9.5, 12.5], "texture": "#0"},
				"down": {"uv": [9.5, 12.5, 9.5, 13.5], "texture": "#0"}
			}
		}
	],
	"display": {
		"thirdperson_righthand": {
			"translation": [0, 8, 0]
		},
		"thirdperson_lefthand": {
			"translation": [0, 8, 0]
		},
		"firstperson_righthand": {
			"translation": [0, 7.5, 0]
		},
		"firstperson_lefthand": {
			"translation": [0, 8, 0]
		},
		"ground": {
			"translation": [0, 4.25, 0]
		},
		"gui": {
			"rotation": [18, 146, 0],
			"translation": [0, 1.5, 0]
		},
		"head": {
			"translation": [0, 16, 0],
			"scale": [1.2, 1.2, 1.2]
		},
		"fixed": {
			"rotation": [-90, 0, 0],
			"translation": [0, 0, -16.25],
			"scale": [2, 2, 2]
		}
	},
	"groups": [
		{
			"name": "head",
			"origin": [0, 8, -0.5],
			"color": 0,
			"children": [0, 1, 2, 3, 4]
		},
		{
			"name": "body",
			"origin": [0, 7.5, -1],
			"color": 0,
			"children": [5, 6, 7, 8]
		},
		{
			"name": "left_leg",
			"origin": [-1, 2, -1],
			"color": 0,
			"children": [9, 10]
		},
		{
			"name": "right_leg",
			"origin": [1, 2, -1],
			"color": 0,
			"children": [11, 12]
		},
		{
			"name": "body",
			"origin": [0, 7.5, -1],
			"color": 0,
			"children": [13, 14, 15, 16]
		},
		{
			"name": "body",
			"origin": [0, 7.5, -1],
			"color": 0,
			"children": [17, 18, 19, 20]
		},
		{
			"name": "head",
			"origin": [0, 8, -0.5],
			"color": 0,
			"children": [21, 22, 23, 24, 25]
		}
	]
}