{
	"textures": {
		"0": "animated_java:blueprint/glist/glistik",
		"particle": "minecraft:item/pufferfish"
	},
	"display": {
		"head": {
			"rotation": [0, 180, 0]
		}
	},
	"elements": [
		{
			"from": [0, 8, 0],
			"to": [16, 20, 16],
			"faces": {
				"north": {
					"uv": [5.5, 5.125, 7.5, 6.625],
					"texture": "#0"
				},
				"east": {
					"uv": [3.5, 5.625, 5.5, 7.125],
					"texture": "#0"
				},
				"south": {
					"uv": [0, 6, 2, 7.5],
					"texture": "#0"
				},
				"west": {
					"uv": [6, 1.625, 8, 3.125],
					"texture": "#0"
				},
				"up": {
					"uv": [4.25, 2, 2.25, 0],
					"texture": "#0"
				},
				"down": {
					"uv": [4.25, 2, 2.25, 4],
					"texture": "#0"
				}
			}
		}
	]
}