{
	"textures": {
		"1": "animated_java:blueprint/glist/belt_and_arms",
		"particle": "minecraft:item/pufferfish"
	},
	"display": {
		"head": {
			"rotation": [0, 180, 0]
		}
	},
	"elements": [
		{
			"from": [7, 8, 7],
			"to": [14, 10, 9],
			"rotation": {
				"angle": 0,
				"axis": "y",
				"origin": [8, 8, 8]
			},
			"faces": {
				"north": {
					"uv": [0, 4, 3.5, 5],
					"texture": "#1"
				},
				"east": {
					"uv": [1, 12, 2, 13],
					"texture": "#1"
				},
				"south": {
					"uv": [3.5, 4, 7, 5],
					"texture": "#1"
				},
				"west": {
					"uv": [2, 12, 3, 13],
					"texture": "#1"
				},
				"up": {
					"uv": [3.5, 6, 0, 5],
					"texture": "#1"
				},
				"down": {
					"uv": [7, 5, 3.5, 6],
					"texture": "#1"
				}
			}
		}
	]
}