{
	"textures": {
		"1": "animated_java:blueprint/glist/belt_and_arms",
		"particle": "minecraft:item/pufferfish"
	},
	"display": {
		"head": {
			"rotation": [0, 180, 0]
		}
	},
	"elements": [
		{
			"from": [7, 8, 7],
			"to": [13, 10, 9],
			"rotation": {
				"angle": 0,
				"axis": "y",
				"origin": [8, 8, 8]
			},
			"faces": {
				"north": {
					"uv": [5.5, 0, 8.5, 1],
					"texture": "#1"
				},
				"east": {
					"uv": [11.5, 1, 12.5, 2],
					"texture": "#1"
				},
				"south": {
					"uv": [5.5, 1, 8.5, 2],
					"texture": "#1"
				},
				"west": {
					"uv": [11.5, 2, 12.5, 3],
					"texture": "#1"
				},
				"up": {
					"uv": [8.5, 3, 5.5, 2],
					"texture": "#1"
				},
				"down": {
					"uv": [8.5, 3, 5.5, 4],
					"texture": "#1"
				}
			}
		}
	]
}