{
	"credit": "Made with Blockbench",
	"texture_size": [32, 32],
	"textures": {
		"0": "./microphone",
		"1": "./wood",
		"2": "./iron_bars",
		"particle": "./microphone"
	},
	"elements": [
		{
			"from": [6, 23.8, -13.5],
			"to": [10, 28.8, -9.5],
			"rotation": {"angle": 45, "axis": "x", "origin": [0, 0, 0]},
			"faces": {
				"north": {"uv": [0, 0, 2, 2.5], "texture": "#0"},
				"east": {"uv": [2, 0, 4, 2.5], "texture": "#0"},
				"south": {"uv": [0, 2.5, 2, 5], "texture": "#0"},
				"west": {"uv": [2, 2.5, 4, 5], "texture": "#0"},
				"up": {"uv": [6, 2, 4, 0], "texture": "#0"},
				"down": {"uv": [6, 2, 4, 4], "texture": "#0"}
			}
		},
		{
			"from": [7, 16.8, -12.5],
			"to": [9, 23.8, -10.5],
			"rotation": {"angle": 45, "axis": "x", "origin": [0, 0, 0]},
			"faces": {
				"north": {"uv": [4, 4, 5, 7.5], "texture": "#0"},
				"east": {"uv": [0, 5, 1, 8.5], "texture": "#0"},
				"south": {"uv": [1, 5, 2, 8.5], "texture": "#0"},
				"west": {"uv": [2, 5, 3, 8.5], "texture": "#0"},
				"up": {"uv": [4, 6, 3, 5], "texture": "#0"},
				"down": {"uv": [6, 4, 5, 5], "texture": "#0"}
			}
		},
		{
			"from": [2, 0, 2],
			"to": [14, 1, 14],
			"faces": {
				"north": {"uv": [3, 11, 6, 11.25], "texture": "#1"},
				"east": {"uv": [3, 11, 6, 11.25], "texture": "#1"},
				"south": {"uv": [3, 11, 6, 11.25], "texture": "#1"},
				"west": {"uv": [3, 11, 6, 11.25], "texture": "#1"},
				"up": {"uv": [3, 8, 6, 11], "texture": "#1"},
				"down": {"uv": [3, 8, 6, 11], "texture": "#1"}
			}
		},
		{
			"from": [7, 1, 7],
			"to": [9, 1, 9],
			"faces": {
				"north": {"uv": [2, 0, 3, 1], "texture": "#2"},
				"east": {"uv": [2, 0, 3, 1], "texture": "#2"},
				"south": {"uv": [0, 0, 1, 0], "texture": "#2"},
				"west": {"uv": [0, 0, 1, 0], "texture": "#2"},
				"up": {"uv": [2, 4, 4, 6], "texture": "#2"},
				"down": {"uv": [2, 2, 4, 4], "texture": "#2"}
			}
		},
		{
			"from": [7, 22, 7],
			"to": [9, 22, 9],
			"faces": {
				"north": {"uv": [2, 0, 3, 1], "texture": "#2"},
				"east": {"uv": [2, 0, 3, 1], "texture": "#2"},
				"south": {"uv": [0, 0, 1, 0], "texture": "#2"},
				"west": {"uv": [0, 0, 1, 0], "texture": "#2"},
				"up": {"uv": [2, 4, 4, 6], "texture": "#2"},
				"down": {"uv": [2, 2, 4, 4], "texture": "#2"}
			}
		},
		{
			"from": [7, 1, 8],
			"to": [9, 16, 8],
			"faces": {
				"north": {"uv": [2, 1, 4, 16], "texture": "#2"},
				"east": {"uv": [0, 0, 0, 7.5], "texture": "#2"},
				"south": {"uv": [9, 1, 7, 16], "texture": "#2"},
				"west": {"uv": [0, 0, 0, 7.5], "texture": "#2"},
				"up": {"uv": [0, 0, 0, 1], "rotation": 90, "texture": "#2"},
				"down": {"uv": [0, 0, 0, 1], "rotation": 270, "texture": "#2"}
			}
		},
		{
			"from": [8, 16, 7],
			"to": [8, 22, 9],
			"faces": {
				"north": {"uv": [0, 9, 0, 7.5], "texture": "#2"},
				"east": {"uv": [4, 10, 2, 16], "texture": "#2"},
				"south": {"uv": [2, 9, 3, 16], "texture": "#2"},
				"west": {"uv": [7, 10, 9, 16], "texture": "#2"},
				"up": {"uv": [0, 0, 0, 1], "texture": "#2"},
				"down": {"uv": [0, 0, 0, 1], "texture": "#2"}
			}
		},
		{
			"from": [7, 16, 8],
			"to": [9, 22, 8],
			"faces": {
				"north": {"uv": [2, 10, 4, 16], "texture": "#2"},
				"east": {"uv": [0, 10, 0, 6.5], "texture": "#2"},
				"south": {"uv": [7, 10, 9, 16], "texture": "#2"},
				"west": {"uv": [0, 9, 0, 7.5], "texture": "#2"},
				"up": {"uv": [0, 0, 0, 1], "rotation": 90, "texture": "#2"},
				"down": {"uv": [0, 0, 0, 1], "rotation": 270, "texture": "#2"}
			}
		},
		{
			"from": [8, 1, 7],
			"to": [8, 16, 9],
			"faces": {
				"north": {"uv": [0, 0, 0, 7.5], "texture": "#2"},
				"east": {"uv": [2, 1, 4, 16], "texture": "#2"},
				"south": {"uv": [2, 0, 3, 16], "texture": "#2"},
				"west": {"uv": [7, 1, 9, 16], "texture": "#2"},
				"up": {"uv": [0, 0, 0, 1], "texture": "#2"},
				"down": {"uv": [0, 0, 0, 1], "texture": "#2"}
			}
		},
		{
			"from": [6, 22, 8],
			"to": [10, 23, 10],
			"faces": {
				"north": {"uv": [2, 2, 6, 3], "texture": "#2"},
				"east": {"uv": [7, 12, 9, 13], "texture": "#2"},
				"south": {"uv": [2, 3, 6, 4], "texture": "#2"},
				"west": {"uv": [2, 2, 4, 3], "texture": "#2"},
				"up": {"uv": [2, 2, 6, 4], "texture": "#2"},
				"down": {"uv": [2, 2, 6, 4], "texture": "#2"}
			}
		},
		{
			"from": [6, 22, 6],
			"to": [7, 23, 8],
			"faces": {
				"north": {"uv": [2, 2, 2.5, 2.5], "texture": "#2"},
				"east": {"uv": [4, 2, 6, 3], "texture": "#2"},
				"south": {"uv": [2, 2, 2.5, 2.5], "texture": "#2"},
				"west": {"uv": [2, 4, 4, 5], "texture": "#2"},
				"up": {"uv": [2, 2, 3, 0], "texture": "#2"},
				"down": {"uv": [8, 3, 9, 1], "texture": "#2"}
			}
		},
		{
			"from": [9, 22, 6],
			"to": [10, 23, 8],
			"rotation": {"angle": 0, "axis": "y", "origin": [0, 16, 16]},
			"faces": {
				"north": {"uv": [2.5, 2.5, 2, 2], "texture": "#2"},
				"east": {"uv": [6, 3, 4, 2], "texture": "#2"},
				"south": {"uv": [2.5, 2.5, 2, 2], "texture": "#2"},
				"west": {"uv": [4, 5, 2, 4], "texture": "#2"},
				"up": {"uv": [8, 3, 9, 1], "texture": "#2"},
				"down": {"uv": [2, 2, 3, 0], "texture": "#2"}
			}
		}
	],
	"gui_light": "front",
	"display": {
		"thirdperson_righthand": {
			"rotation": [4, 0, 26],
			"translation": [3.25, -7.75, 1],
			"scale": [0.8, 0.8, 0.8]
		},
		"thirdperson_lefthand": {
			"rotation": [4, 0, 26],
			"translation": [3.25, -7.75, 1],
			"scale": [0.8, 0.8, 0.8]
		},
		"firstperson_righthand": {
			"rotation": [13, -76, 23],
			"translation": [3.75, -3.25, 0],
			"scale": [0.6, 0.6, 0.6]
		},
		"firstperson_lefthand": {
			"rotation": [13, -76, 23],
			"translation": [3.75, -2.5, 0],
			"scale": [0.6, 0.6, 0.6]
		},
		"ground": {
			"translation": [0, 3, 0],
			"scale": [0.6, 0.6, 0.6]
		},
		"gui": {
			"rotation": [30, 45, 0],
			"translation": [0, -1.75, 0],
			"scale": [0.5, 0.5, 0.5]
		},
		"fixed": {
			"rotation": [-90, 0, 0],
			"translation": [0, 0, -13.5],
			"scale": [1.7, 1.7, 1.7]
		}
	}
}