{
	"credit": "Made with Blockbench",
	"textures": {
		"0": "./cigar",
		"particle": "./cigar"
	},
	"elements": [
		{
			"from": [8, 0, 0],
			"to": [9, 1, 4],
			"faces": {
				"north": {"uv": [10, 11, 11, 12], "texture": "#0"},
				"east": {"uv": [0, 11, 4, 12], "texture": "#0"},
				"south": {"uv": [11, 11, 12, 12], "texture": "#0"},
				"west": {"uv": [4, 11, 8, 12], "texture": "#0"},
				"up": {"uv": [9, 15, 8, 11], "texture": "#0"},
				"down": {"uv": [10, 11, 9, 15], "texture": "#0"}
			}
		},
		{
			"from": [8.5, 0.5, -4],
			"to": [8.5, 11.5, 2],
			"faces": {
				"north": {"uv": [0, 0, 0, 11], "texture": "#0"},
				"east": {"uv": [12, 0, 6, 11], "texture": "#0"},
				"south": {"uv": [0, 0, 0, 11], "texture": "#0"},
				"west": {"uv": [6, 0, 12, 11], "texture": "#0"},
				"up": {"uv": [0, 6, 0, 0], "texture": "#0"},
				"down": {"uv": [0, 0, 0, 6], "texture": "#0"}
			}
		}
	],
	"display": {
		"thirdperson_righthand": {
			"rotation": [46.26, -37.28, -13.25],
			"translation": [-4, 0.25, 9.5]
		},
		"thirdperson_lefthand": {
			"rotation": [46.26, -37.28, -13.25],
			"translation": [-4, 0.25, 9.5]
		},
		"firstperson_righthand": {
			"rotation": [0, -30, 0],
			"translation": [-3, 13, 6.25],
			"scale": [2, 2, 2]
		},
		"firstperson_lefthand": {
			"rotation": [0, -30, 0],
			"translation": [-3, 13, 6.25],
			"scale": [2, 2, 2]
		},
		"ground": {
			"translation": [-0.5, 4.25, 5.5]
		},
		"gui": {
			"rotation": [30, 225, 0],
			"translation": [-8.5, 13.25, 0],
			"scale": [2, 2, 2]
		},
		"head": {
			"rotation": [0, -33.5, 0],
			"translation": [-3.75, 6.25, 0],
			"scale": [1.5, 1.5, 1.5]
		},
		"fixed": {
			"rotation": [-90, 0, 0],
			"translation": [0, 11.5, -15.25],
			"scale": [2, 2, 2]
		}
	}
}