{
	"credit": "Made with levnemcev",
	"texture_size": [40, 40],
	"textures": {
		"2": "./cilindr"
	},
	"elements": [
		{
			"from": [4, 0, 4],
			"to": [12, 9, 12],
			"rotation": {"angle": 0, "axis": "y", "origin": [7, 0, 7]},
			"faces": {
				"north": {"uv": [5.6, 0, 8.8, 3.6], "texture": "#2"},
				"east": {"uv": [5.6, 3.6, 8.8, 7.2], "texture": "#2"},
				"south": {"uv": [5.6, 7.2, 8.8, 10.8], "texture": "#2"},
				"west": {"uv": [8.8, 0, 12, 3.6], "texture": "#2"},
				"up": {"uv": [3.2, 14.4, 0, 11.2], "texture": "#2"},
				"down": {"uv": [15.2, 0, 12, 3.2], "texture": "#2"}
			}
		},
		{
			"from": [3.8, 0, 3.8],
			"to": [12.2, 9.45, 12.2],
			"rotation": {"angle": 0, "axis": "y", "origin": [6.95, 0, 6.95]},
			"faces": {
				"north": {"uv": [8.8, 3.6, 12, 7.2], "texture": "#2"},
				"east": {"uv": [8.8, 7.2, 12, 10.8], "texture": "#2"},
				"south": {"uv": [5.6, 10.8, 8.8, 14.4], "texture": "#2"},
				"west": {"uv": [8.8, 10.8, 12, 14.4], "texture": "#2"},
				"up": {"uv": [15.2, 6.4, 12, 3.2], "texture": "#2"},
				"down": {"uv": [15.2, 6.4, 12, 9.6], "texture": "#2"}
			}
		},
		{
			"from": [1, 0, 1],
			"to": [15, 0, 15],
			"faces": {
				"north": {"uv": [0, 0, 5.6, 0], "texture": "#2"},
				"east": {"uv": [0, 0, 5.6, 0], "texture": "#2"},
				"south": {"uv": [0, 0, 5.6, 0], "texture": "#2"},
				"west": {"uv": [0, 0, 5.6, 0], "texture": "#2"},
				"up": {"uv": [5.6, 5.6, 0, 0], "texture": "#2"},
				"down": {"uv": [5.6, 5.6, 0, 11.2], "texture": "#2"}
			}
		}
	],
	"display": {
		"thirdperson_righthand": {
			"rotation": [-20.75, 0, 0],
			"translation": [0, 6, -3.5]
		},
		"thirdperson_lefthand": {
			"rotation": [-20.75, 0, 0],
			"translation": [0, 6, -3.5]
		},
		"firstperson_righthand": {
			"rotation": [0, 26, -7],
			"translation": [0, 8, 0]
		},
		"firstperson_lefthand": {
			"rotation": [0, 26, -7],
			"translation": [0, 8, 0]
		},
		"ground": {
			"translation": [0, 5.25, 0]
		},
		"gui": {
			"rotation": [30, 225, 0],
			"translation": [0, 4.75, 0]
		},
		"head": {
			"translation": [0, 17.5, 0],
			"scale": [1.9, 1.9, 1.9]
		},
		"fixed": {
			"rotation": [-90, 0, 0],
			"translation": [0, 0, -16.25],
			"scale": [2, 2, 2]
		}
	},
	"groups": [
		{
			"name": "group",
			"origin": [7, 0, 7],
			"color": 0,
			"children": [0, 1]
		},
		{
			"name": "group",
			"origin": [0, 0, 0],
			"color": 0,
			"children": [2]
		}
	]
}