{
	"credit": "Made with levnemcev",
	"texture_size": [32, 32],
	"textures": {
		"2": "./ded_hat"
	},
	"elements": [
		{
			"from": [5, 2, 5],
			"to": [11, 5, 12],
			"rotation": {"angle": 22.5, "axis": "x", "origin": [8, 2, 5]},
			"faces": {
				"north": {"uv": [8.5, 7.5, 11.5, 9], "texture": "#2"},
				"east": {"uv": [3, 8, 6.5, 9.5], "texture": "#2"},
				"south": {"uv": [8.5, 9, 11.5, 10.5], "texture": "#2"},
				"west": {"uv": [8, 3.5, 11.5, 5], "texture": "#2"},
				"up": {"uv": [3, 11.5, 0, 8], "texture": "#2"},
				"down": {"uv": [11, 0, 8, 3.5], "texture": "#2"}
			}
		},
		{
			"from": [6, 5, 5],
			"to": [10, 8, 10],
			"rotation": {"angle": 45, "axis": "x", "origin": [8, 2, 5]},
			"faces": {
				"north": {"uv": [11.5, 3, 13.5, 4.5], "texture": "#2"},
				"east": {"uv": [0, 11.5, 2.5, 13], "texture": "#2"},
				"south": {"uv": [5, 11.5, 7, 13], "texture": "#2"},
				"west": {"uv": [2.5, 11.5, 5, 13], "texture": "#2"},
				"up": {"uv": [10, 7.5, 8, 5], "texture": "#2"},
				"down": {"uv": [8.5, 8, 6.5, 10.5], "texture": "#2"}
			}
		},
		{
			"from": [7, 0, 11],
			"to": [9, 3, 14],
			"rotation": {"angle": -22.5, "axis": "x", "origin": [8, 2, 5]},
			"faces": {
				"north": {"uv": [9, 13, 10, 14.5], "texture": "#2"},
				"east": {"uv": [0, 13, 1.5, 14.5], "texture": "#2"},
				"south": {"uv": [10, 13, 11, 14.5], "texture": "#2"},
				"west": {"uv": [1.5, 13, 3, 14.5], "texture": "#2"},
				"up": {"uv": [12, 14.5, 11, 13], "texture": "#2"},
				"down": {"uv": [14, 11.5, 13, 13], "texture": "#2"}
			}
		},
		{
			"from": [7.25, -2, 13],
			"to": [8.75, 0, 14],
			"rotation": {"angle": -22.5, "axis": "x", "origin": [8, 2, 5]},
			"faces": {
				"north": {"uv": [3, 9.5, 3.75, 10.5], "texture": "#2"},
				"east": {"uv": [5, 9.5, 5.5, 10.5], "texture": "#2"},
				"south": {"uv": [4, 9.5, 4.75, 10.5], "texture": "#2"},
				"west": {"uv": [5.5, 9.5, 6, 10.5], "texture": "#2"},
				"up": {"uv": [10.75, 7.5, 10, 7], "texture": "#2"},
				"down": {"uv": [12.25, 4.5, 11.5, 5], "texture": "#2"}
			}
		},
		{
			"from": [6.5, -1, 13],
			"to": [9.5, 2, 16],
			"rotation": {"angle": 0, "axis": "y", "origin": [8, 2, 5]},
			"faces": {
				"north": {"uv": [7, 11.5, 8.5, 13], "texture": "#2"},
				"east": {"uv": [11.5, 7, 13, 8.5], "texture": "#2"},
				"south": {"uv": [8.5, 11.5, 10, 13], "texture": "#2"},
				"west": {"uv": [11.5, 8.5, 13, 10], "texture": "#2"},
				"up": {"uv": [11.5, 13, 10, 11.5], "texture": "#2"},
				"down": {"uv": [13, 11.5, 11.5, 13], "texture": "#2"}
			}
		},
		{
			"from": [6.47, -1.02, 12.975],
			"to": [9.53, 2.04, 16.035],
			"rotation": {"angle": 0, "axis": "y", "origin": [8, 2.04, 4.94]},
			"faces": {
				"north": {"uv": [3, 13, 4.5, 14.5], "texture": "#2"},
				"east": {"uv": [4.5, 13, 6, 14.5], "texture": "#2"},
				"south": {"uv": [6, 13, 7.5, 14.5], "texture": "#2"},
				"west": {"uv": [13, 7, 14.5, 8.5], "texture": "#2"},
				"up": {"uv": [9, 14.5, 7.5, 13], "texture": "#2"},
				"down": {"uv": [14.5, 8.5, 13, 10], "texture": "#2"}
			}
		},
		{
			"from": [4, 0, 4],
			"to": [12, 2, 12],
			"faces": {
				"north": {"uv": [11, 0, 15, 1], "texture": "#2"},
				"east": {"uv": [11, 1, 15, 2], "texture": "#2"},
				"south": {"uv": [11, 2, 15, 3], "texture": "#2"},
				"west": {"uv": [11, 10.5, 15, 11.5], "texture": "#2"},
				"up": {"uv": [8, 4, 4, 0], "texture": "#2"},
				"down": {"uv": [8, 4, 4, 8], "texture": "#2"}
			}
		},
		{
			"from": [3.92, 0, 3.92],
			"to": [12.08, 2.04, 12.08],
			"rotation": {"angle": 0, "axis": "y", "origin": [-0.16, 0, -0.16]},
			"faces": {
				"north": {"uv": [10, 5, 14, 6], "texture": "#2"},
				"east": {"uv": [10, 6, 14, 7], "texture": "#2"},
				"south": {"uv": [3, 10.5, 7, 11.5], "texture": "#2"},
				"west": {"uv": [7, 10.5, 11, 11.5], "texture": "#2"},
				"up": {"uv": [4, 4, 0, 0], "texture": "#2"},
				"down": {"uv": [4, 4, 0, 8], "texture": "#2"}
			}
		}
	],
	"display": {
		"thirdperson_righthand": {
			"rotation": [-27.5, 0, 0],
			"translation": [0, 5.25, -3.75]
		},
		"thirdperson_lefthand": {
			"rotation": [-27.5, 0, 0],
			"translation": [0, 5.25, -3.75]
		},
		"firstperson_righthand": {
			"rotation": [0, 36.75, 0],
			"translation": [0, 7.25, 0]
		},
		"firstperson_lefthand": {
			"rotation": [0, 36.75, 0],
			"translation": [0, 7.25, 0]
		},
		"ground": {
			"translation": [0, 4, 0]
		},
		"gui": {
			"rotation": [30, 225, 0],
			"translation": [0, 4, 0]
		},
		"head": {
			"translation": [0, 18.5, 0],
			"scale": [1.9, 1.9, 1.9]
		},
		"fixed": {
			"rotation": [-90, 0, 0],
			"translation": [0, 0, -15.25],
			"scale": [2, 2, 2]
		}
	},
	"groups": [
		0,
		1,
		2,
		3,
		4,
		5,
		{
			"name": "group",
			"origin": [0, 0, 0],
			"color": 0,
			"children": [6, 7]
		}
	]
}