{
	"credit": "Made with levnemcev",
	"texture_size": [24, 24],
	"textures": {
		"1": "./kaska",
		"particle": "./kaska"
	},
	"elements": [
		{
			"from": [3.8, 0, 3.8],
			"to": [12.2, 3.15, 12.2],
			"rotation": {"angle": 0, "axis": "y", "origin": [-0.4, 0, -0.4]},
			"faces": {
				"north": {"uv": [0, 10.66667, 5.33333, 12.66667], "texture": "#1"},
				"east": {"uv": [10.66667, 0, 16, 2], "texture": "#1"},
				"south": {"uv": [10.66667, 2, 16, 4], "texture": "#1"},
				"west": {"uv": [10.66667, 4, 16, 6], "texture": "#1"},
				"up": {"uv": [5.33333, 5.33333, 0, 0], "texture": "#1"},
				"down": {"uv": [5.33333, 5.33333, 0, 10.66667], "texture": "#1"}
			}
		},
		{
			"from": [4, 0, 4],
			"to": [12, 3, 12],
			"faces": {
				"north": {"uv": [5.33333, 10.66667, 10.66667, 12.66667], "texture": "#1"},
				"east": {"uv": [10.66667, 6, 16, 8], "texture": "#1"},
				"south": {"uv": [10.66667, 8, 16, 10], "texture": "#1"},
				"west": {"uv": [10.66667, 10, 16, 12], "texture": "#1"},
				"up": {"uv": [10.66667, 5.33333, 5.33333, 0], "texture": "#1"},
				"down": {"uv": [10.66667, 5.33333, 5.33333, 10.66667], "texture": "#1"}
			}
		},
		{
			"from": [8, 2.5, 4.25],
			"to": [8, 3.5, 11.25],
			"faces": {
				"north": {"uv": [7.66667, 0, 8.33333, 5.33333], "rotation": 90, "texture": "#1"},
				"east": {"uv": [7.66667, 0, 8.33333, 5.33333], "rotation": 90, "texture": "#1"},
				"south": {"uv": [7.66667, 0, 8.33333, 5.33333], "rotation": 90, "texture": "#1"},
				"west": {"uv": [7.66667, 0, 8.33333, 4.66667], "rotation": 90, "texture": "#1"},
				"up": {"uv": [7.66667, 0, 8.33333, 5.33333], "rotation": 90, "texture": "#1"},
				"down": {"uv": [7.66667, 0, 8.33333, 5.33333], "rotation": 90, "texture": "#1"}
			}
		},
		{
			"from": [8, 0, 3.5],
			"to": [8, 2.5, 4.5],
			"faces": {
				"north": {"uv": [7.66667, 11, 8.33333, 12.66667], "rotation": 180, "texture": "#1"},
				"east": {"uv": [7.66667, 11, 8.33333, 12.66667], "rotation": 180, "texture": "#1"},
				"south": {"uv": [7.66667, 11, 8.33333, 12.66667], "rotation": 180, "texture": "#1"},
				"west": {"uv": [7.66667, 11, 8.33333, 12.66667], "rotation": 180, "texture": "#1"},
				"up": {"uv": [7.66667, 11, 8.33333, 12.66667], "rotation": 180, "texture": "#1"},
				"down": {"uv": [7.66667, 11, 8.33333, 12.66667], "rotation": 180, "texture": "#1"}
			}
		},
		{
			"from": [8, 0, 11.5],
			"to": [8, 2.5, 12.5],
			"faces": {
				"north": {"uv": [7.66667, 11, 8.33333, 12.66667], "rotation": 180, "texture": "#1"},
				"east": {"uv": [7.66667, 11, 8.33333, 12.66667], "rotation": 180, "texture": "#1"},
				"south": {"uv": [7.66667, 11, 8.33333, 12.66667], "rotation": 180, "texture": "#1"},
				"west": {"uv": [7.66667, 11, 8.33333, 12.66667], "rotation": 180, "texture": "#1"},
				"up": {"uv": [7.66667, 11, 8.33333, 12.66667], "rotation": 180, "texture": "#1"},
				"down": {"uv": [7.66667, 11, 8.33333, 12.66667], "rotation": 180, "texture": "#1"}
			}
		},
		{
			"from": [4, 0, 2.5],
			"to": [12, 0, 5.5],
			"faces": {
				"north": {"uv": [0, 0, 5.33333, 0], "texture": "#1"},
				"east": {"uv": [0, 0, 2, 0], "texture": "#1"},
				"south": {"uv": [0, 0, 5.33333, 0], "texture": "#1"},
				"west": {"uv": [0, 0, 2, 0], "texture": "#1"},
				"up": {"uv": [16, 14, 10.66667, 12], "texture": "#1"},
				"down": {"uv": [5.33333, 12.66667, 0, 14.66667], "texture": "#1"}
			}
		}
	],
	"display": {
		"thirdperson_righthand": {
			"rotation": [-20.75, 0, 0],
			"translation": [0, 6, -3.5]
		},
		"thirdperson_lefthand": {
			"rotation": [-20.75, 0, 0],
			"translation": [0, 6, -3.5]
		},
		"firstperson_righthand": {
			"rotation": [0, 26, -7],
			"translation": [0, 8, 0]
		},
		"firstperson_lefthand": {
			"rotation": [0, 26, -7],
			"translation": [0, 8, 0]
		},
		"ground": {
			"translation": [0, 5.25, 0]
		},
		"gui": {
			"rotation": [30, 225, 0],
			"translation": [0, 4.75, 0]
		},
		"head": {
			"translation": [0, 17.5, 0],
			"scale": [1.9, 1.9, 1.9]
		},
		"fixed": {
			"rotation": [-90, 0, 0],
			"translation": [0, 0, -15.25],
			"scale": [2, 2, 2]
		}
	},
	"groups": [
		{
			"name": "group",
			"origin": [0, 0, 0],
			"color": 0,
			"children": [0, 1, 2, 3, 4, 5]
		}
	]
}