{
	"credit": "Made with Blockbench",
	"texture_size": [48, 48],
	"textures": {
		"0": "./meks_shlapa",
		"particle": "./meks_shlapa"
	},
	"elements": [
		{
			"from": [-1, 0, -1],
			"to": [17, 0, 17],
			"faces": {
				"north": {"uv": [0, 0, 6, 0], "texture": "#0"},
				"east": {"uv": [0, 0, 6, 0], "texture": "#0"},
				"south": {"uv": [0, 0, 6, 0], "texture": "#0"},
				"west": {"uv": [0, 0, 6, 0], "texture": "#0"},
				"up": {"uv": [6, 6, 0, 0], "texture": "#0"},
				"down": {"uv": [6, 6, 0, 12], "texture": "#0"}
			}
		},
		{
			"from": [4, 0, 4],
			"to": [12, 6, 12],
			"faces": {
				"north": {"uv": [6, 9.33333, 8.66667, 11.33333], "texture": "#0"},
				"east": {"uv": [8.66667, 9.33333, 11.33333, 11.33333], "texture": "#0"},
				"south": {"uv": [6, 11.33333, 8.66667, 13.33333], "texture": "#0"},
				"west": {"uv": [8.66667, 11.33333, 11.33333, 13.33333], "texture": "#0"},
				"up": {"uv": [8.66667, 2.66667, 6, 0], "texture": "#0"},
				"down": {"uv": [8.66667, 2.66667, 6, 5.33333], "texture": "#0"}
			}
		},
		{
			"from": [17, 0, -1],
			"to": [17, 3, 17],
			"faces": {
				"north": {"uv": [0, 0, 0, 1], "texture": "#0"},
				"east": {"uv": [6, 5.33333, 12, 6.33333], "texture": "#0"},
				"south": {"uv": [0, 0, 0, 1], "texture": "#0"},
				"west": {"uv": [6, 6.33333, 12, 7.33333], "texture": "#0"},
				"up": {"uv": [0, 6, 0, 0], "texture": "#0"},
				"down": {"uv": [0, 0, 0, 6], "texture": "#0"}
			}
		},
		{
			"from": [-1, 0, 17],
			"to": [17, 3, 17],
			"faces": {
				"north": {"uv": [6, 7.33333, 12, 8.33333], "texture": "#0"},
				"east": {"uv": [0, 0, 0, 1], "texture": "#0"},
				"south": {"uv": [6, 8.33333, 12, 9.33333], "texture": "#0"},
				"west": {"uv": [0, 0, 0, 1], "texture": "#0"},
				"up": {"uv": [6, 0, 0, 0], "texture": "#0"},
				"down": {"uv": [6, 0, 0, 0], "texture": "#0"}
			}
		},
		{
			"from": [-1, 0, -1],
			"to": [17, 3, -1],
			"faces": {
				"north": {"uv": [8.66667, 0, 14.66667, 1], "texture": "#0"},
				"east": {"uv": [0, 0, 0, 1], "texture": "#0"},
				"south": {"uv": [8.66667, 1, 14.66667, 2], "texture": "#0"},
				"west": {"uv": [0, 0, 0, 1], "texture": "#0"},
				"up": {"uv": [6, 0, 0, 0], "texture": "#0"},
				"down": {"uv": [6, 0, 0, 0], "texture": "#0"}
			}
		},
		{
			"from": [-1, 0, -1],
			"to": [-1, 3, 17],
			"faces": {
				"north": {"uv": [0, 0, 0, 1], "texture": "#0"},
				"east": {"uv": [8.66667, 2, 14.66667, 3], "texture": "#0"},
				"south": {"uv": [0, 0, 0, 1], "texture": "#0"},
				"west": {"uv": [8.66667, 3, 14.66667, 4], "texture": "#0"},
				"up": {"uv": [0, 6, 0, 0], "texture": "#0"},
				"down": {"uv": [0, 0, 0, 6], "texture": "#0"}
			}
		}
	],
	"display": {
		"thirdperson_righthand": {
			"rotation": [-22.25, 0, 0],
			"translation": [0, 4.25, -0.75],
			"scale": [0.7, 0.7, 0.7]
		},
		"thirdperson_lefthand": {
			"rotation": [-22.25, 0, 0],
			"translation": [0, 4.25, -0.75],
			"scale": [0.7, 0.7, 0.7]
		},
		"firstperson_righthand": {
			"translation": [2.25, 3.5, 0]
		},
		"firstperson_lefthand": {
			"translation": [2.25, 3.5, 0]
		},
		"ground": {
			"translation": [0, 4.75, 0]
		},
		"gui": {
			"rotation": [30, 225, 0],
			"translation": [0, 2.5, 0],
			"scale": [0.625, 0.625, 0.625]
		},
		"head": {
			"translation": [0, 15.5, -0.25],
			"scale": [1.8, 1.8, 1.8]
		},
		"fixed": {
			"rotation": [-90, 0, 0],
			"translation": [0, 0, -15.25],
			"scale": [2, 2, 2]
		}
	}
}