{
	"credit": "Made with levnemcev",
	"texture_size": [32, 32],
	"textures": {
		"0": "./shlapa_sin",
		"particle": "./shlapa_sin"
	},
	"elements": [
		{
			"from": [4, 0, 4],
			"to": [12, 4, 12],
			"rotation": {"angle": 0, "axis": "y", "origin": [8, 0, 8]},
			"faces": {
				"north": {"uv": [11, 6, 15, 8], "texture": "#0"},
				"east": {"uv": [11, 8, 15, 10], "texture": "#0"},
				"south": {"uv": [11, 10, 15, 12], "texture": "#0"},
				"west": {"uv": [11, 4, 15, 6], "texture": "#0"},
				"up": {"uv": [11, 4, 7, 0], "rotation": 270, "texture": "#0"},
				"down": {"uv": [11, 4, 7, 8], "rotation": 90, "texture": "#0"}
			}
		},
		{
			"from": [3.8, 0, 3.8],
			"to": [12.2, 4.2, 12.2],
			"rotation": {"angle": 0, "axis": "y", "origin": [8, 0, 8]},
			"faces": {
				"north": {"uv": [11, 12, 15, 14], "texture": "#0"},
				"east": {"uv": [0, 14, 4, 16], "texture": "#0"},
				"south": {"uv": [4, 14, 8, 16], "texture": "#0"},
				"west": {"uv": [7, 12, 11, 14], "texture": "#0"},
				"up": {"uv": [11, 12, 7, 8], "rotation": 270, "texture": "#0"},
				"down": {"uv": [15, 0, 11, 4], "rotation": 90, "texture": "#0"}
			}
		},
		{
			"from": [1, 0, 1],
			"to": [15, 0, 15],
			"rotation": {"angle": 0, "axis": "y", "origin": [8, 0, 8]},
			"faces": {
				"north": {"uv": [0, 0, 7, 0], "texture": "#0"},
				"east": {"uv": [0, 0, 7, 0], "texture": "#0"},
				"south": {"uv": [0, 0, 7, 0], "texture": "#0"},
				"west": {"uv": [0, 0, 7, 0], "texture": "#0"},
				"up": {"uv": [7, 7, 0, 0], "rotation": 270, "texture": "#0"},
				"down": {"uv": [7, 7, 0, 14], "rotation": 90, "texture": "#0"}
			}
		}
	],
	"display": {
		"thirdperson_righthand": {
			"rotation": [-20.75, 0, 0],
			"translation": [0, 6, -3.5]
		},
		"thirdperson_lefthand": {
			"rotation": [-20.75, 0, 0],
			"translation": [0, 6, -3.5]
		},
		"firstperson_righthand": {
			"rotation": [0, 26, -7],
			"translation": [0, 8, 0]
		},
		"firstperson_lefthand": {
			"rotation": [0, 26, -7],
			"translation": [0, 8, 0]
		},
		"ground": {
			"translation": [0, 5.25, 0]
		},
		"gui": {
			"rotation": [30, 225, 0],
			"translation": [0, 4.75, 0]
		},
		"head": {
			"translation": [0, 17.5, 0],
			"scale": [1.9, 1.9, 1.9]
		},
		"fixed": {
			"rotation": [-90, 0, 0],
			"translation": [0, 0, -16.25],
			"scale": [2, 2, 2]
		}
	}
}