{
	"credit": "Made with levnemcev",
	"texture_size": [24, 24],
	"textures": {
		"1": "./ushi"
	},
	"elements": [
		{
			"from": [14, 0, 7],
			"to": [15, 5, 9],
			"rotation": {"angle": -22.5, "axis": "z", "origin": [8, 0, 7]},
			"faces": {
				"north": {"uv": [2.66667, 6, 3.33333, 9.33333], "texture": "#1"},
				"east": {"uv": [5.33333, 5.33333, 6.66667, 8.66667], "texture": "#1"},
				"south": {"uv": [3.33333, 6, 4, 9.33333], "texture": "#1"},
				"west": {"uv": [0, 6, 1.33333, 9.33333], "texture": "#1"},
				"up": {"uv": [4.66667, 7.33333, 4, 6], "texture": "#1"},
				"down": {"uv": [5.33333, 6, 4.66667, 7.33333], "texture": "#1"}
			}
		},
		{
			"from": [14, 3, 8],
			"to": [17, 7, 8],
			"rotation": {"angle": -22.5, "axis": "z", "origin": [8, 0, 7]},
			"faces": {
				"north": {"uv": [5.33333, 0, 7.33333, 2.66667], "texture": "#1"},
				"east": {"uv": [0, 0, 0, 2.66667], "texture": "#1"},
				"south": {"uv": [5.33333, 2.66667, 7.33333, 5.33333], "texture": "#1"},
				"west": {"uv": [0, 0, 0, 2.66667], "texture": "#1"},
				"up": {"uv": [2, 0, 0, 0], "texture": "#1"},
				"down": {"uv": [2, 0, 0, 0], "texture": "#1"}
			}
		},
		{
			"from": [10, 0, 7.975],
			"to": [14, 5, 8.975],
			"rotation": {"angle": -22.5, "axis": "z", "origin": [8, 0, 7]},
			"faces": {
				"north": {"uv": [0, 0, 2.66667, 3.33333], "texture": "#1"},
				"east": {"uv": [1.33333, 6, 2, 9.33333], "texture": "#1"},
				"south": {"uv": [2.66667, 0, 5.33333, 3.33333], "texture": "#1"},
				"west": {"uv": [2, 6, 2.66667, 9.33333], "texture": "#1"},
				"up": {"uv": [9.33333, 7.33333, 6.66667, 6.66667], "texture": "#1"},
				"down": {"uv": [10, 0, 7.33333, 0.66667], "texture": "#1"}
			}
		},
		{
			"from": [8.48528, -1.41421, 7],
			"to": [16.48528, -0.41421, 9],
			"rotation": {"angle": 22.5, "axis": "z", "origin": [8, 0, 7]},
			"faces": {
				"north": {"uv": [6.66667, 5.33333, 12, 6], "texture": "#1"},
				"east": {"uv": [7.33333, 0.66667, 8.66667, 1.33333], "texture": "#1"},
				"south": {"uv": [6.66667, 6, 12, 6.66667], "texture": "#1"},
				"west": {"uv": [7.33333, 1.33333, 8.66667, 2], "texture": "#1"},
				"up": {"uv": [5.33333, 4.66667, 0, 3.33333], "texture": "#1"},
				"down": {"uv": [5.33333, 4.66667, 0, 6], "texture": "#1"}
			}
		},
		{
			"from": [1, 0, 7],
			"to": [2, 5, 9],
			"rotation": {"angle": 22.5, "axis": "z", "origin": [8, 0, 7]},
			"faces": {
				"north": {"uv": [3.33333, 6, 2.66667, 9.33333], "texture": "#1"},
				"east": {"uv": [1.33333, 6, 0, 9.33333], "texture": "#1"},
				"south": {"uv": [4, 6, 3.33333, 9.33333], "texture": "#1"},
				"west": {"uv": [6.66667, 5.33333, 5.33333, 8.66667], "texture": "#1"},
				"up": {"uv": [4, 7.33333, 4.66667, 6], "texture": "#1"},
				"down": {"uv": [4.66667, 6, 5.33333, 7.33333], "texture": "#1"}
			}
		},
		{
			"from": [-1, 3, 8],
			"to": [2, 7, 8],
			"rotation": {"angle": 22.5, "axis": "z", "origin": [8, 0, 7]},
			"faces": {
				"north": {"uv": [7.33333, 0, 5.33333, 2.66667], "texture": "#1"},
				"east": {"uv": [0, 0, 0, 2.66667], "texture": "#1"},
				"south": {"uv": [7.33333, 2.66667, 5.33333, 5.33333], "texture": "#1"},
				"west": {"uv": [0, 0, 0, 2.66667], "texture": "#1"},
				"up": {"uv": [0, 0, 2, 0], "texture": "#1"},
				"down": {"uv": [0, 0, 2, 0], "texture": "#1"}
			}
		},
		{
			"from": [2, 0, 7.975],
			"to": [6, 5, 8.975],
			"rotation": {"angle": 22.5, "axis": "z", "origin": [8, 0, 7]},
			"faces": {
				"north": {"uv": [2.66667, 0, 0, 3.33333], "texture": "#1"},
				"east": {"uv": [2.66667, 6, 2, 9.33333], "texture": "#1"},
				"south": {"uv": [5.33333, 0, 2.66667, 3.33333], "texture": "#1"},
				"west": {"uv": [2, 6, 1.33333, 9.33333], "texture": "#1"},
				"up": {"uv": [6.66667, 7.33333, 9.33333, 6.66667], "texture": "#1"},
				"down": {"uv": [7.33333, 0, 10, 0.66667], "texture": "#1"}
			}
		},
		{
			"from": [-0.48528, -1.41421, 7],
			"to": [7.51472, -0.41421, 9],
			"rotation": {"angle": -22.5, "axis": "z", "origin": [8, 0, 7]},
			"faces": {
				"north": {"uv": [12, 5.33333, 6.66667, 6], "texture": "#1"},
				"east": {"uv": [8.66667, 1.33333, 7.33333, 2], "texture": "#1"},
				"south": {"uv": [12, 6, 6.66667, 6.66667], "texture": "#1"},
				"west": {"uv": [8.66667, 0.66667, 7.33333, 1.33333], "texture": "#1"},
				"up": {"uv": [0, 4.66667, 5.33333, 3.33333], "texture": "#1"},
				"down": {"uv": [0, 4.66667, 5.33333, 6], "texture": "#1"}
			}
		}
	],
	"display": {
		"thirdperson_righthand": {
			"translation": [0, 4.5, 1.25],
			"scale": [0.5, 0.5, 0.5]
		},
		"thirdperson_lefthand": {
			"translation": [0, 4.5, 1.25],
			"scale": [0.5, 0.5, 0.5]
		},
		"firstperson_righthand": {
			"rotation": [0, 103, -13],
			"translation": [0, 10.25, 0]
		},
		"firstperson_lefthand": {
			"rotation": [0, 103, -13],
			"translation": [0, 10.25, 0]
		},
		"ground": {
			"translation": [0, 2.25, 0],
			"scale": [0.5, 0.5, 0.5]
		},
		"gui": {
			"rotation": [0, -180, 0],
			"translation": [0, 7.25, 0]
		},
		"head": {
			"translation": [0, 16, 0],
			"scale": [1.1, 1.1, 1.1]
		},
		"fixed": {
			"translation": [0, 7.75, 0]
		}
	},
	"groups": [
		{
			"name": "group",
			"origin": [14, 5, 7],
			"color": 0,
			"children": [0, 1, 2, 3]
		},
		{
			"name": "group",
			"origin": [14, 5, 7],
			"color": 0,
			"children": [4, 5, 6, 7]
		}
	]
}