{
	"credit": "Made with Blockbench",
	"textures": {
		"0": "./trubka",
		"particle": "./trubka"
	},
	"elements": [
		{
			"from": [4, 2, 9],
			"to": [6, 4, 9],
			"faces": {
				"north": {"uv": [3, 12, 5, 14], "texture": "#0"},
				"east": {"uv": [0, 4, 0, 6], "texture": "#0"},
				"south": {"uv": [5, 12, 7, 14], "texture": "#0"},
				"west": {"uv": [0, 4, 0, 6], "texture": "#0"},
				"up": {"uv": [2, 4, 0, 4], "texture": "#0"},
				"down": {"uv": [2, 4, 0, 4], "texture": "#0"}
			}
		},
		{
			"from": [4, 2, 7],
			"to": [6, 4, 7],
			"faces": {
				"north": {"uv": [7, 12, 9, 14], "texture": "#0"},
				"east": {"uv": [0, 4, 0, 6], "texture": "#0"},
				"south": {"uv": [9, 10, 11, 12], "texture": "#0"},
				"west": {"uv": [0, 4, 0, 6], "texture": "#0"},
				"up": {"uv": [2, 4, 0, 4], "texture": "#0"},
				"down": {"uv": [2, 4, 0, 4], "texture": "#0"}
			}
		},
		{
			"from": [6, 2, 7],
			"to": [6, 4, 9],
			"faces": {
				"north": {"uv": [0, 4, 0, 6], "texture": "#0"},
				"east": {"uv": [9, 12, 11, 14], "texture": "#0"},
				"south": {"uv": [0, 4, 0, 6], "texture": "#0"},
				"west": {"uv": [0, 14, 2, 16], "texture": "#0"},
				"up": {"uv": [0, 6, 0, 4], "texture": "#0"},
				"down": {"uv": [0, 4, 0, 6], "texture": "#0"}
			}
		},
		{
			"from": [4, 2, 7],
			"to": [4, 4, 9],
			"faces": {
				"north": {"uv": [0, 4, 0, 6], "texture": "#0"},
				"east": {"uv": [10, 0, 12, 2], "texture": "#0"},
				"south": {"uv": [0, 4, 0, 6], "texture": "#0"},
				"west": {"uv": [2, 14, 4, 16], "texture": "#0"},
				"up": {"uv": [0, 6, 0, 4], "texture": "#0"},
				"down": {"uv": [0, 4, 0, 6], "texture": "#0"}
			}
		},
		{
			"from": [4, 1, 7],
			"to": [7, 2, 9],
			"rotation": {"angle": 0, "axis": "y", "origin": [1, 0, 0]},
			"faces": {
				"north": {"uv": [10, 2, 13, 3], "texture": "#0"},
				"east": {"uv": [10, 4, 12, 5], "texture": "#0"},
				"south": {"uv": [10, 3, 13, 4], "texture": "#0"},
				"west": {"uv": [7, 14, 9, 15], "texture": "#0"},
				"up": {"uv": [3, 12, 0, 10], "texture": "#0"},
				"down": {"uv": [6, 10, 3, 12], "texture": "#0"}
			}
		},
		{
			"from": [6.34839, 0.65891, 7],
			"to": [9.34839, 1.65891, 9],
			"rotation": {"angle": 45, "axis": "z", "origin": [6.26247, 1.61602, 8]},
			"faces": {
				"north": {"uv": [4, 14, 7, 15], "texture": "#0"},
				"east": {"uv": [9, 14, 11, 15], "texture": "#0"},
				"south": {"uv": [10, 4, 13, 5], "texture": "#0"},
				"west": {"uv": [4, 15, 6, 16], "texture": "#0"},
				"up": {"uv": [9, 12, 6, 10], "texture": "#0"},
				"down": {"uv": [3, 12, 0, 14], "texture": "#0"}
			}
		},
		{
			"from": [8.41421, 2.82843, 7.5],
			"to": [10.41421, 3.82843, 8.5],
			"rotation": {"angle": 0, "axis": "y", "origin": [-0.58579, -0.17157, 0]},
			"faces": {
				"north": {"uv": [6, 15, 8, 16], "texture": "#0"},
				"east": {"uv": [11, 12, 12, 13], "texture": "#0"},
				"south": {"uv": [11, 10, 13, 11], "texture": "#0"},
				"west": {"uv": [11, 13, 12, 14], "texture": "#0"},
				"up": {"uv": [13, 12, 11, 11], "texture": "#0"},
				"down": {"uv": [10, 15, 8, 16], "texture": "#0"}
			}
		},
		{
			"from": [2.5, 3, 8],
			"to": [7.5, 13, 8],
			"faces": {
				"north": {"uv": [0, 0, 5, 10], "texture": "#0"},
				"east": {"uv": [0, 0, 0, 6], "texture": "#0"},
				"south": {"uv": [5, 0, 10, 10], "texture": "#0"},
				"west": {"uv": [0, 0, 0, 6], "texture": "#0"},
				"up": {"uv": [5, 0, 0, 0], "texture": "#0"},
				"down": {"uv": [5, 0, 0, 0], "texture": "#0"}
			}
		}
	],
	"display": {
		"thirdperson_righthand": {
			"rotation": [75, -90, 96],
			"translation": [0, 6.5, 0]
		},
		"thirdperson_lefthand": {
			"rotation": [-13.75, 90, 0],
			"translation": [0, 6.5, 0]
		},
		"firstperson_righthand": {
			"rotation": [180, -88, 180],
			"translation": [0.75, 5.5, 0]
		},
		"firstperson_lefthand": {
			"rotation": [0, 88, 0],
			"translation": [1.75, 5.5, 0]
		},
		"ground": {
			"translation": [0, 4.75, 0],
			"scale": [1.2, 1.2, 1.2]
		},
		"gui": {
			"rotation": [-7, 164, 9],
			"translation": [-1.25, 4.75, 0],
			"scale": [1.5, 1.5, 1.5]
		},
		"head": {
			"rotation": [0, -90, 0],
			"translation": [-1.5, 1.25, -9.25],
			"scale": [1.3, 1.3, 1.3]
		},
		"fixed": {
			"translation": [2.25, 4.25, -0.5],
			"scale": [1.5, 1.5, 1.5]
		}
	}
}