{
	"credit": "Made with Blockbench",
	"texture_size": [64, 64],
	"textures": {
		"0": "./kloun",
		"particle": "./kloun"
	},
	"elements": [
		{
			"from": [2.5, -0.5, 3.5],
			"to": [2.5, 8.5, 12.5],
			"faces": {
				"north": {"uv": [0, 0, 0, 2.25], "texture": "#0"},
				"east": {"uv": [0, 0, 2.25, 2.25], "texture": "#0"},
				"south": {"uv": [0, 0, 0, 2.25], "texture": "#0"},
				"west": {"uv": [0, 2.25, 2.25, 4.5], "texture": "#0"},
				"up": {"uv": [0, 2.25, 0, 0], "texture": "#0"},
				"down": {"uv": [0, 0, 0, 2.25], "texture": "#0"}
			}
		},
		{
			"from": [2.3, -0.3, 3.6],
			"to": [2.3, 4.3, 12.4],
			"faces": {
				"north": {"uv": [0, 0, 0, 1.25], "texture": "#0"},
				"east": {"uv": [0, 4.5, 2.25, 5.75], "texture": "#0"},
				"south": {"uv": [0, 0, 0, 1.25], "texture": "#0"},
				"west": {"uv": [0, 5.75, 2.25, 7], "texture": "#0"},
				"up": {"uv": [0, 2.25, 0, 0], "texture": "#0"},
				"down": {"uv": [0, 0, 0, 2.25], "texture": "#0"}
			}
		},
		{
			"from": [2.5, 3.5, 12.5],
			"to": [11.5, 4.5, 12.5],
			"faces": {
				"north": {"uv": [2.25, 6, 4.5, 6.25], "texture": "#0"},
				"east": {"uv": [0, 0, 0, 0.25], "texture": "#0"},
				"south": {"uv": [4.5, 6, 6.75, 6.25], "texture": "#0"},
				"west": {"uv": [0, 0, 0, 0.25], "texture": "#0"},
				"up": {"uv": [2.25, 0, 0, 0], "texture": "#0"},
				"down": {"uv": [2.25, 0, 0, 0], "texture": "#0"}
			}
		},
		{
			"from": [2.5, 3.5, 3.5],
			"to": [11.5, 4.5, 3.5],
			"faces": {
				"north": {"uv": [6.25, 0, 8.5, 0.25], "texture": "#0"},
				"east": {"uv": [0, 0, 0, 0.25], "texture": "#0"},
				"south": {"uv": [6.25, 0.25, 8.5, 0.5], "texture": "#0"},
				"west": {"uv": [0, 0, 0, 0.25], "texture": "#0"},
				"up": {"uv": [2.25, 0, 0, 0], "texture": "#0"},
				"down": {"uv": [2.25, 0, 0, 0], "texture": "#0"}
			}
		},
		{
			"from": [11.5, 3.5, 3.5],
			"to": [11.5, 4.5, 12.5],
			"faces": {
				"north": {"uv": [0, 0, 0, 0.25], "texture": "#0"},
				"east": {"uv": [6.25, 0.5, 8.5, 0.75], "texture": "#0"},
				"south": {"uv": [0, 0, 0, 0.25], "texture": "#0"},
				"west": {"uv": [6.25, 0.75, 8.5, 1], "texture": "#0"},
				"up": {"uv": [0, 2.25, 0, 0], "texture": "#0"},
				"down": {"uv": [0, 0, 0, 2.25], "texture": "#0"}
			}
		}
	],
	"display": {
		"thirdperson_righthand": {
			"rotation": [120, -90, 0],
			"translation": [1.75, -6.25, -1.75]
		},
		"thirdperson_lefthand": {
			"rotation": [120, 90, 0],
			"translation": [0, -5.25, -2.25]
		},
		"firstperson_righthand": {
			"rotation": [43, -90, 0],
			"translation": [4.75, -4.25, 0]
		},
		"firstperson_lefthand": {
			"rotation": [43, 90, 0],
			"translation": [4.25, -4.25, 0]
		},
		"gui": {
			"rotation": [5, 61, -11],
			"translation": [1.25, 4, 0],
			"scale": [1.3, 1.3, 1.3]
		},
		"head": {
			"rotation": [0, -90, 0],
			"translation": [0, 6.5, 1.75],
			"scale": [1.6332, 1.6, 1.60586]
		},
		"fixed": {
			"rotation": [0, -90, 66],
			"translation": [0, 7.75, -11],
			"scale": [2, 2, 2]
		}
	}
}