{
	"credit": "Made with Blockbench",
	"texture_size": [32, 32],
	"textures": {
		"0": "./doska",
		"particle": "./doska"
	},
	"elements": [
		{
			"from": [2, 0, 2],
			"to": [14, 1, 16],
			"faces": {
				"north": {"uv": [0, 7.5, 6, 8], "texture": "#0"},
				"east": {"uv": [0, 7, 7, 7.5], "texture": "#0"},
				"south": {"uv": [6, 7.5, 12, 8], "texture": "#0"},
				"west": {"uv": [7, 7, 14, 7.5], "texture": "#0"},
				"up": {"uv": [6, 7, 0, 0], "texture": "#0"},
				"down": {"uv": [12, 0, 6, 7], "texture": "#0"}
			}
		},
		{
			"from": [2, 0, 0],
			"to": [6, 1, 2],
			"faces": {
				"north": {"uv": [8, 8, 10, 8.5], "texture": "#0"},
				"east": {"uv": [2, 9.5, 3, 10], "texture": "#0"},
				"south": {"uv": [8, 8.5, 10, 9], "texture": "#0"},
				"west": {"uv": [3, 9.5, 4, 10], "texture": "#0"},
				"up": {"uv": [2, 9, 0, 8], "texture": "#0"},
				"down": {"uv": [4, 8, 2, 9], "texture": "#0"}
			}
		},
		{
			"from": [10, 0, 0],
			"to": [14, 1, 2],
			"faces": {
				"north": {"uv": [0, 9, 2, 9.5], "texture": "#0"},
				"east": {"uv": [4, 9.5, 5, 10], "texture": "#0"},
				"south": {"uv": [2, 9, 4, 9.5], "texture": "#0"},
				"west": {"uv": [5, 9.5, 6, 10], "texture": "#0"},
				"up": {"uv": [6, 9, 4, 8], "texture": "#0"},
				"down": {"uv": [8, 8, 6, 9], "texture": "#0"}
			}
		},
		{
			"from": [6, 0, 0],
			"to": [10, 1, 1],
			"faces": {
				"north": {"uv": [4, 9, 6, 9.5], "texture": "#0"},
				"east": {"uv": [6, 9.5, 6.5, 10], "texture": "#0"},
				"south": {"uv": [6, 9, 8, 9.5], "texture": "#0"},
				"west": {"uv": [6.5, 9.5, 7, 10], "texture": "#0"},
				"up": {"uv": [10, 9.5, 8, 9], "texture": "#0"},
				"down": {"uv": [2, 9.5, 0, 10], "texture": "#0"}
			}
		}
	],
	"display": {
		"thirdperson_righthand": {
			"translation": [0, 5.5, 0],
			"scale": [0.7, 0.7, 0.7]
		},
		"thirdperson_lefthand": {
			"translation": [0, 5.5, 0],
			"scale": [0.7, 0.7, 0.7]
		},
		"firstperson_righthand": {
			"translation": [2.5, 5.75, 0]
		},
		"firstperson_lefthand": {
			"translation": [2.5, 5.75, 0]
		},
		"ground": {
			"translation": [0, 4.75, 0]
		},
		"gui": {
			"rotation": [69, -28, 6],
			"translation": [-0.5, 2.5, 0],
			"scale": [0.9, 0.9, 0.9]
		},
		"head": {
			"translation": [0, 14.5, 0]
		},
		"fixed": {
			"rotation": [-90, 0, 0],
			"translation": [0, 0, -16],
			"scale": [2, 2, 2]
		}
	}
}