{
	"credit": "Made with Blockbench",
	"textures": {
		"0": "./a_trost",
		"particle": "./a_trost"
	},
	"elements": [
		{
			"from": [8, 2, 6],
			"to": [9, 13, 7],
			"faces": {
				"north": {"uv": [0, 0, 1, 11], "texture": "#0"},
				"east": {"uv": [1, 0, 2, 11], "texture": "#0"},
				"south": {"uv": [2, 0, 3, 11], "texture": "#0"},
				"west": {"uv": [3, 0, 4, 11], "texture": "#0"},
				"up": {"uv": [5, 7, 4, 6], "texture": "#0"},
				"down": {"uv": [7, 4, 6, 5], "texture": "#0"}
			}
		},
		{
			"from": [8.1, 0, 6.1],
			"to": [8.9, 2, 6.9],
			"rotation": {"angle": -22.5, "axis": "x", "origin": [8, 2, 6]},
			"faces": {
				"north": {"uv": [4, 0, 5, 2], "texture": "#0"},
				"east": {"uv": [4, 2, 5, 4], "texture": "#0"},
				"south": {"uv": [4, 4, 5, 6], "texture": "#0"},
				"west": {"uv": [5, 0, 6, 2], "texture": "#0"},
				"up": {"uv": [6, 7, 5, 6], "texture": "#0"},
				"down": {"uv": [7, 5, 6, 6], "texture": "#0"}
			}
		},
		{
			"from": [8, 12, 7],
			"to": [9, 13, 9],
			"faces": {
				"north": {"uv": [6, 6, 7, 7], "texture": "#0"},
				"east": {"uv": [5, 2, 7, 3], "texture": "#0"},
				"south": {"uv": [7, 0, 8, 1], "texture": "#0"},
				"west": {"uv": [5, 3, 7, 4], "texture": "#0"},
				"up": {"uv": [6, 6, 5, 4], "texture": "#0"},
				"down": {"uv": [7, 0, 6, 2], "texture": "#0"}
			}
		},
		{
			"from": [8, 11, 8],
			"to": [9, 12, 9],
			"faces": {
				"north": {"uv": [7, 1, 8, 2], "texture": "#0"},
				"east": {"uv": [7, 2, 8, 3], "texture": "#0"},
				"south": {"uv": [7, 3, 8, 4], "texture": "#0"},
				"west": {"uv": [4, 7, 5, 8], "texture": "#0"},
				"up": {"uv": [8, 5, 7, 4], "texture": "#0"},
				"down": {"uv": [6, 7, 5, 8], "texture": "#0"}
			}
		}
	],
	"display": {
		"thirdperson_righthand": {
			"rotation": [74, 0, 0],
			"translation": [-0.75, -2.75, -3.25],
			"scale": [1.3, 1.3, 1.3]
		},
		"thirdperson_lefthand": {
			"rotation": [74, 0, 0],
			"translation": [0.5, -2.75, -3.25],
			"scale": [1.3, 1.3, 1.3]
		},
		"firstperson_righthand": {
			"scale": [1.2, 1.2, 1.2]
		},
		"firstperson_lefthand": {
			"scale": [1.2, 1.2, 1.2]
		},
		"ground": {
			"rotation": [0, 0, 90],
			"translation": [-2.25, -2.75, 1],
			"scale": [1.2, 1.2, 1.2]
		},
		"gui": {
			"rotation": [-127.6, -32.9, -116.95],
			"translation": [0.75, 1.75, 0],
			"scale": [1.2, 1.2, 1.2]
		},
		"fixed": {
			"rotation": [0, 90, 0],
			"translation": [2.25, 3.5, 1.25],
			"scale": [1.8, 1.8, 1.8]
		}
	}
}