{
	"credit": "Made with Blockbench",
	"texture_size": [32, 32],
	"textures": {
		"0": "./chemodan",
		"particle": "./chemodan"
	},
	"elements": [
		{
			"from": [7.5, 10, 5],
			"to": [8.5, 12, 6],
			"rotation": {"angle": 0, "axis": "y", "origin": [7.5, 10, 0]},
			"faces": {
				"north": {"uv": [5, 10, 5.5, 11], "texture": "#0"},
				"east": {"uv": [5.5, 10, 6, 11], "texture": "#0"},
				"south": {"uv": [6, 10, 6.5, 11], "texture": "#0"},
				"west": {"uv": [6.5, 10, 7, 11], "texture": "#0"},
				"up": {"uv": [1, 11, 0.5, 10.5], "texture": "#0"},
				"down": {"uv": [1.5, 10.5, 1, 11], "texture": "#0"}
			}
		},
		{
			"from": [7.5, 11, 6],
			"to": [8.5, 12, 10],
			"rotation": {"angle": 0, "axis": "y", "origin": [7.5, 10, 1]},
			"faces": {
				"north": {"uv": [1.5, 10.5, 2, 11], "texture": "#0"},
				"east": {"uv": [0, 10, 2, 10.5], "texture": "#0"},
				"south": {"uv": [2, 10.5, 2.5, 11], "texture": "#0"},
				"west": {"uv": [2, 10, 4, 10.5], "texture": "#0"},
				"up": {"uv": [4.5, 12, 4, 10], "texture": "#0"},
				"down": {"uv": [5, 10, 4.5, 12], "texture": "#0"}
			}
		},
		{
			"from": [7.5, 10, 10],
			"to": [8.5, 12, 11],
			"rotation": {"angle": 0, "axis": "y", "origin": [7.5, 10, 0]},
			"faces": {
				"north": {"uv": [9, 10, 9.5, 11], "texture": "#0"},
				"east": {"uv": [9.5, 10, 10, 11], "texture": "#0"},
				"south": {"uv": [10, 10, 10.5, 11], "texture": "#0"},
				"west": {"uv": [0, 10.5, 0.5, 11.5], "texture": "#0"},
				"up": {"uv": [3, 11, 2.5, 10.5], "texture": "#0"},
				"down": {"uv": [3.5, 10.5, 3, 11], "texture": "#0"}
			}
		},
		{
			"from": [6, 0, 1],
			"to": [10, 10, 15],
			"rotation": {"angle": 0, "axis": "y", "origin": [8, 0, 0]},
			"faces": {
				"north": {"uv": [9, 0, 11, 5], "texture": "#0"},
				"east": {"uv": [0, 0, 7, 5], "texture": "#0"},
				"south": {"uv": [9, 5, 11, 10], "texture": "#0"},
				"west": {"uv": [0, 5, 7, 10], "texture": "#0"},
				"up": {"uv": [9, 7, 7, 0], "texture": "#0"},
				"down": {"uv": [9, 7, 7, 14], "texture": "#0"}
			}
		}
	],
	"display": {
		"thirdperson_righthand": {
			"rotation": [72, 0, 0],
			"translation": [0, -2.5, -1.5],
			"scale": [0.9, 0.9, 0.9]
		},
		"thirdperson_lefthand": {
			"rotation": [72, 0, 0],
			"translation": [0, -2.5, -1.5],
			"scale": [0.9, 0.9, 0.9]
		},
		"firstperson_righthand": {
			"translation": [0, -0.75, 1.5]
		},
		"ground": {
			"rotation": [0, 0, 90],
			"translation": [-2.5, -2, 0]
		},
		"gui": {
			"rotation": [-149.27, 63.58, 146.43],
			"translation": [0, 2.75, 0]
		},
		"fixed": {
			"rotation": [0, 90, 0],
			"translation": [0, 7, -1.75],
			"scale": [2, 2, 2]
		}
	}
}