{
	"credit": "Made with levnemcev",
	"texture_size": [32, 32],
	"textures": {
		"1": "./gazeta"
	},
	"elements": [
		{
			"from": [8, 0, 8],
			"to": [17, 12, 8],
			"rotation": {"angle": -22.5, "axis": "y", "origin": [8, 0, 8]},
			"faces": {
				"north": {"uv": [4.5, 6, 9, 12], "texture": "#1"},
				"east": {"uv": [0, 0, 0, 6], "texture": "#1"},
				"south": {"uv": [4.5, 0, 9, 6], "texture": "#1"},
				"west": {"uv": [0, 0, 0, 6], "texture": "#1"},
				"up": {"uv": [4.5, 0, 0, 0], "texture": "#1"},
				"down": {"uv": [4.5, 0, 0, 0], "texture": "#1"}
			}
		},
		{
			"from": [-1, 0, 8],
			"to": [8, 12, 8],
			"rotation": {"angle": 22.5, "axis": "y", "origin": [8, 0, 8]},
			"faces": {
				"north": {"uv": [4.5, 0, 9, 6], "texture": "#1"},
				"east": {"uv": [0, 0, 0, 6], "texture": "#1"},
				"south": {"uv": [4.5, 6, 9, 12], "texture": "#1"},
				"west": {"uv": [0, 0, 0, 6], "texture": "#1"},
				"up": {"uv": [4.5, 0, 0, 0], "texture": "#1"},
				"down": {"uv": [4.5, 0, 0, 0], "texture": "#1"}
			}
		}
	],
	"display": {
		"thirdperson_righthand": {
			"rotation": [24.25, 0, 0],
			"translation": [-6, 6.75, 0.75],
			"scale": [0.95, 0.95, 0.95]
		},
		"thirdperson_lefthand": {
			"rotation": [24.25, 0, 0],
			"translation": [-6, 6.75, 0.75],
			"scale": [0.95, 0.95, 0.95]
		},
		"firstperson_righthand": {
			"translation": [-9.25, 1.5, 0]
		},
		"firstperson_lefthand": {
			"translation": [-9.25, 1.5, 0]
		},
		"ground": {
			"rotation": [90, 0, 0],
			"translation": [0, -1.25, 1.5]
		},
		"gui": {
			"rotation": [7.59, 16.37, -25.34],
			"translation": [0, 2.5, -2.5]
		},
		"fixed": {
			"translation": [0, 0, -2.5]
		}
	}
}