{
	"credit": "Made with Blockbench",
	"textures": {
		"0": "./pismo",
		"particle": "./pismo"
	},
	"elements": [
		{
			"from": [4, 0, 8],
			"to": [12, 5, 8],
			"faces": {
				"north": {"uv": [0, 0, 8, 5], "texture": "#0"},
				"east": {"uv": [0, 0, 0, 5], "texture": "#0"},
				"south": {"uv": [0, 5, 8, 10], "texture": "#0"},
				"west": {"uv": [0, 0, 0, 5], "texture": "#0"},
				"up": {"uv": [8, 0, 0, 0], "texture": "#0"},
				"down": {"uv": [8, 0, 0, 0], "texture": "#0"}
			}
		},
		{
			"from": [7, 3, 7.5],
			"to": [9, 5, 8.5],
			"faces": {
				"north": {"uv": [8, 0, 10, 2], "texture": "#0"},
				"east": {"uv": [8, 4, 9, 6], "texture": "#0"},
				"south": {"uv": [8, 2, 10, 4], "texture": "#0"},
				"west": {"uv": [8, 6, 9, 8], "texture": "#0"},
				"up": {"uv": [10, 9, 8, 8], "texture": "#0"},
				"down": {"uv": [11, 4, 9, 5], "texture": "#0"}
			}
		}
	],
	"display": {
		"thirdperson_righthand": {
			"rotation": [52, -88, 0],
			"translation": [0, 2, 4.25]
		},
		"thirdperson_lefthand": {
			"rotation": [52, -88, 0],
			"translation": [0, 2, 4.25]
		},
		"firstperson_righthand": {
			"rotation": [-180, 82, -180],
			"translation": [0, 6.75, 0]
		},
		"firstperson_lefthand": {
			"rotation": [-180, 82, -180],
			"translation": [0, 6.75, 0]
		},
		"ground": {
			"rotation": [90, 0, 0],
			"translation": [0, 0, 5.25]
		},
		"gui": {
			"rotation": [-157.75, -21.05, 166.16],
			"translation": [-2.5, 9.75, 0],
			"scale": [2, 2, 2]
		},
		"fixed": {
			"translation": [0, 10.25, 0],
			"scale": [2, 2, 2]
		}
	}
}