{
	"credit": "Made with Blockbench",
	"texture_size": [32, 32],
	"textures": {
		"0": "./скоросшиватель",
		"particle": "./скоросшиватель"
	},
	"elements": [
		{
			"from": [3, 0, 0],
			"to": [13, 1, 14],
			"faces": {
				"north": {"uv": [6, 7.5, 11, 8], "texture": "#0"},
				"east": {"uv": [0, 7, 7, 7.5], "texture": "#0"},
				"south": {"uv": [6, 8, 11, 8.5], "texture": "#0"},
				"west": {"uv": [7, 7, 14, 7.5], "texture": "#0"},
				"up": {"uv": [5, 7, 0, 0], "texture": "#0"},
				"down": {"uv": [10, 0, 5, 7], "texture": "#0"}
			}
		},
		{
			"from": [5, 1, 12],
			"to": [11, 2, 13],
			"faces": {
				"north": {"uv": [0, 8.5, 3, 9], "texture": "#0"},
				"east": {"uv": [3, 9, 3.5, 9.5], "texture": "#0"},
				"south": {"uv": [3, 8.5, 6, 9], "texture": "#0"},
				"west": {"uv": [3.5, 9, 4, 9.5], "texture": "#0"},
				"up": {"uv": [9, 9, 6, 8.5], "texture": "#0"},
				"down": {"uv": [3, 9, 0, 9.5], "texture": "#0"}
			}
		},
		{
			"from": [5, -3.5, 12],
			"to": [11, -3.5, 14],
			"rotation": {"angle": -22.5, "axis": "x", "origin": [0, 0, 0]},
			"faces": {
				"north": {"uv": [0, 0, 3, 0], "texture": "#0"},
				"east": {"uv": [0, 0, 1, 0], "texture": "#0"},
				"south": {"uv": [0, 0, 3, 0], "texture": "#0"},
				"west": {"uv": [0, 0, 1, 0], "texture": "#0"},
				"up": {"uv": [3, 8.5, 0, 7.5], "texture": "#0"},
				"down": {"uv": [6, 7.5, 3, 8.5], "texture": "#0"}
			}
		},
		{
			"from": [4, 1.1, 1.5],
			"to": [12, 1.1, 12.5],
			"faces": {
				"north": {"uv": [0, 0, 4, 0], "texture": "#missing"},
				"east": {"uv": [0, 0, 5.5, 0], "texture": "#missing"},
				"south": {"uv": [0, 0, 4, 0], "texture": "#missing"},
				"west": {"uv": [0, 0, 5.5, 0], "texture": "#missing"},
				"up": {"uv": [0, 10.5, 4, 16], "texture": "#0"},
				"down": {"uv": [0, 0, 4, 5.5], "texture": "#missing"}
			}
		}
	],
	"display": {
		"thirdperson_righthand": {
			"rotation": [-90, 0, -180],
			"translation": [0, 4, 5.25],
			"scale": [0.7, 0.7, 0.7]
		},
		"thirdperson_lefthand": {
			"rotation": [-90, 0, -180],
			"translation": [0, 4, 5.25],
			"scale": [0.7, 0.7, 0.7]
		},
		"firstperson_righthand": {
			"rotation": [75, 180, 0],
			"translation": [4.25, 0.5, 0.5]
		},
		"firstperson_lefthand": {
			"rotation": [78, 180, 0],
			"translation": [3.75, 0, 3]
		},
		"ground": {
			"translation": [0, 4.25, 0]
		},
		"gui": {
			"rotation": [-94, 23, 159],
			"translation": [-2, 2, 0],
			"scale": [0.9, 0.9, 0.9]
		},
		"fixed": {
			"rotation": [-90, 0, 0],
			"translation": [0, 1.5, -12],
			"scale": [1.5, 1.5, 1.5]
		}
	}
}