{
	"credit": "Made with Blockbench",
	"texture_size": [64, 64],
	"textures": {
		"0": "./fur",
		"particle": "./fur"
	},
	"elements": [
		{
			"from": [3.5, 6, 3.5],
			"to": [12.5, 10, 12.5],
			"faces": {
				"north": {"uv": [4.5, 3, 6.75, 4], "texture": "#0"},
				"east": {"uv": [4.5, 4, 6.75, 5], "texture": "#0"},
				"south": {"uv": [4.5, 5, 6.75, 6], "texture": "#0"},
				"west": {"uv": [0, 5.25, 2.25, 6.25], "texture": "#0"},
				"up": {"uv": [2.25, 5.25, 0, 3], "texture": "#0"},
				"down": {"uv": [4.5, 3, 2.25, 5.25], "texture": "#0"}
			}
		},
		{
			"from": [3.4, 5.11733, 4.06252],
			"to": [12.6, 6.11733, 7.06252],
			"rotation": {"angle": -22.5, "axis": "x", "origin": [0, -0.88267, 2.56252]},
			"faces": {
				"north": {"uv": [5.5, 2.25, 7.75, 2.5], "texture": "#0"},
				"east": {"uv": [5.5, 2.75, 6.25, 3], "texture": "#0"},
				"south": {"uv": [5.5, 2.5, 7.75, 2.75], "texture": "#0"},
				"west": {"uv": [2.25, 6, 3, 6.25], "texture": "#0"},
				"up": {"uv": [4.5, 6, 2.25, 5.25], "texture": "#0"},
				"down": {"uv": [7.75, 0, 5.5, 0.75], "texture": "#0"}
			}
		},
		{
			"from": [3.2, 7.2, 3.2],
			"to": [12.8, 8.2, 3.2],
			"faces": {
				"north": {"uv": [5.5, 1.75, 8, 2], "texture": "#0"},
				"east": {"uv": [0, 0, 0, 0.25], "texture": "#0"},
				"south": {"uv": [5.5, 2, 8, 2.25], "texture": "#0"},
				"west": {"uv": [0, 0, 0, 0.25], "texture": "#0"},
				"up": {"uv": [2.5, 0, 0, 0], "texture": "#0"},
				"down": {"uv": [2.5, 0, 0, 0], "texture": "#0"}
			}
		},
		{
			"from": [3.2, 7.2, 3.2],
			"to": [3.2, 8.2, 6.2],
			"faces": {
				"north": {"uv": [0, 0, 0, 0.25], "texture": "#0"},
				"east": {"uv": [4.5, 6, 5.25, 6.25], "texture": "#0"},
				"south": {"uv": [0, 0, 0, 0.25], "texture": "#0"},
				"west": {"uv": [5.25, 6, 6, 6.25], "texture": "#0"},
				"up": {"uv": [0, 0.75, 0, 0], "texture": "#0"},
				"down": {"uv": [0, 0, 0, 0.75], "texture": "#0"}
			}
		},
		{
			"from": [12.8, 7.2, 3.2],
			"to": [12.8, 8.2, 6.2],
			"faces": {
				"north": {"uv": [0, 0, 0, 0.25], "texture": "#0"},
				"east": {"uv": [3, 6, 3.75, 6.25], "texture": "#0"},
				"south": {"uv": [0, 0, 0, 0.25], "texture": "#0"},
				"west": {"uv": [3.75, 6, 4.5, 6.25], "texture": "#0"},
				"up": {"uv": [0, 0.75, 0, 0], "texture": "#0"},
				"down": {"uv": [0, 0, 0, 0.75], "texture": "#0"}
			}
		},
		{
			"from": [2.5, 10.6, -2.5],
			"to": [13.5, 12, 9.5],
			"rotation": {"angle": 22.5, "axis": "x", "origin": [0, 0, 0]},
			"faces": {
				"north": {"uv": [5.5, 1.25, 8.25, 1.5], "texture": "#0"},
				"east": {"uv": [5.5, 0.75, 8.5, 1], "texture": "#0"},
				"south": {"uv": [5.5, 1.5, 8.25, 1.75], "texture": "#0"},
				"west": {"uv": [5.5, 1, 8.5, 1.25], "texture": "#0"},
				"up": {"uv": [2.75, 3, 0, 0], "texture": "#0"},
				"down": {"uv": [5.5, 0, 2.75, 3], "texture": "#0"}
			}
		}
	],
	"display": {
		"thirdperson_righthand": {
			"translation": [0, 0, -3.5],
			"scale": [0.9, 0.9, 0.9]
		},
		"thirdperson_lefthand": {
			"translation": [0, 0, -4],
			"scale": [0.9, 0.9, 0.9]
		},
		"firstperson_righthand": {
			"translation": [2, 0, 0],
			"scale": [0.9, 0.9, 0.9]
		},
		"firstperson_lefthand": {
			"translation": [2, 0, 0],
			"scale": [0.9, 0.9, 0.9]
		},
		"ground": {
			"translation": [0, -1, 0]
		},
		"gui": {
			"rotation": [-12, 147, 11],
			"translation": [0, -0.5, 0]
		},
		"head": {
			"translation": [0, 6.5, 0],
			"scale": [1.61172, 1.61172, 1.61172]
		},
		"fixed": {
			"rotation": [-86, 0, 0],
			"translation": [0, 1.5, -4.5],
			"scale": [2, 2, 2]
		}
	}
}