{
	"textures": {
		"0": "animated_java:blueprint/glist_crazy/belt_and_armscrazy",
		"2": "animated_java:blueprint/glist_crazy/glistikcrazy",
		"particle": "minecraft:item/pufferfish"
	},
	"display": {
		"head": {
			"rotation": [0, 180, 0]
		}
	},
	"elements": [
		{
			"from": [-6, 8, -1],
			"to": [-4, 10, 1],
			"rotation": {
				"angle": 0,
				"axis": "y",
				"origin": [-5, 8, 0]
			},
			"faces": {
				"north": {
					"uv": [10.5, 0, 11.5, 1],
					"texture": "#0"
				},
				"east": {
					"uv": [10.5, 1, 11.5, 2],
					"texture": "#0"
				},
				"south": {
					"uv": [10.5, 2, 11.5, 3],
					"texture": "#0"
				},
				"west": {
					"uv": [10.5, 3, 11.5, 4],
					"texture": "#0"
				},
				"up": {
					"uv": [1, 12, 0, 11],
					"texture": "#0"
				},
				"down": {
					"uv": [2, 11, 1, 12],
					"texture": "#0"
				}
			}
		},
		{
			"from": [-1, 8, -1],
			"to": [1, 10, 1],
			"rotation": {
				"angle": 0,
				"axis": "y",
				"origin": [0, 8, 0]
			},
			"faces": {
				"north": {
					"uv": [10, 7, 11, 8],
					"texture": "#0"
				},
				"east": {
					"uv": [8, 10, 9, 11],
					"texture": "#0"
				},
				"south": {
					"uv": [10, 8, 11, 9],
					"texture": "#0"
				},
				"west": {
					"uv": [9, 10, 10, 11],
					"texture": "#0"
				},
				"up": {
					"uv": [11, 10, 10, 9],
					"texture": "#0"
				},
				"down": {
					"uv": [11, 10, 10, 11],
					"texture": "#0"
				}
			}
		},
		{
			"from": [7, 8, 2],
			"to": [9, 10, 4],
			"rotation": {
				"angle": 0,
				"axis": "y",
				"origin": [8, 8, 3]
			},
			"faces": {
				"north": {
					"uv": [6, 11, 7, 12],
					"texture": "#0"
				},
				"east": {
					"uv": [11, 6, 12, 7],
					"texture": "#0"
				},
				"south": {
					"uv": [7, 11, 8, 12],
					"texture": "#0"
				},
				"west": {
					"uv": [11, 7, 12, 8],
					"texture": "#0"
				},
				"up": {
					"uv": [9, 12, 8, 11],
					"texture": "#0"
				},
				"down": {
					"uv": [12, 8, 11, 9],
					"texture": "#0"
				}
			}
		},
		{
			"from": [4, 8, -1],
			"to": [6, 10, 1],
			"rotation": {
				"angle": 0,
				"axis": "y",
				"origin": [5, 8, 0]
			},
			"faces": {
				"north": {
					"uv": [2, 11, 3, 12],
					"texture": "#0"
				},
				"east": {
					"uv": [3, 11, 4, 12],
					"texture": "#0"
				},
				"south": {
					"uv": [4, 11, 5, 12],
					"texture": "#0"
				},
				"west": {
					"uv": [11, 4, 12, 5],
					"texture": "#0"
				},
				"up": {
					"uv": [6, 12, 5, 11],
					"texture": "#0"
				},
				"down": {
					"uv": [12, 5, 11, 6],
					"texture": "#0"
				}
			}
		},
		{
			"from": [-7, 8, 1],
			"to": [7, 17, 15],
			"rotation": {
				"angle": 0,
				"axis": "y",
				"origin": [0, 8, 8]
			},
			"faces": {
				"north": {
					"uv": [5.5, 8.25, 7.25, 9.375],
					"texture": "#2"
				},
				"east": {
					"uv": [1.75, 8.5, 3.5, 9.625],
					"texture": "#2"
				},
				"south": {
					"uv": [3.5, 8.625, 5.25, 9.75],
					"texture": "#2"
				},
				"west": {
					"uv": [0, 8.875, 1.75, 10],
					"texture": "#2"
				},
				"up": {
					"uv": [6, 3.375, 4.25, 1.625],
					"texture": "#2"
				},
				"down": {
					"uv": [7.25, 3.375, 5.5, 5.125],
					"texture": "#2"
				}
			}
		},
		{
			"from": [-9, 8, 12],
			"to": [-7, 10, 14],
			"rotation": {
				"angle": 0,
				"axis": "y",
				"origin": [-8, 8, 13]
			},
			"faces": {
				"north": {
					"uv": [0, 9, 1, 10],
					"texture": "#0"
				},
				"east": {
					"uv": [1, 9, 2, 10],
					"texture": "#0"
				},
				"south": {
					"uv": [2, 9, 3, 10],
					"texture": "#0"
				},
				"west": {
					"uv": [3, 9, 4, 10],
					"texture": "#0"
				},
				"up": {
					"uv": [5, 10, 4, 9],
					"texture": "#0"
				},
				"down": {
					"uv": [10, 4, 9, 5],
					"texture": "#0"
				}
			}
		},
		{
			"from": [-9, 8, 7],
			"to": [-7, 10, 9],
			"rotation": {
				"angle": 0,
				"axis": "y",
				"origin": [-8, 8, 8]
			},
			"faces": {
				"north": {
					"uv": [5, 9, 6, 10],
					"texture": "#0"
				},
				"east": {
					"uv": [9, 5, 10, 6],
					"texture": "#0"
				},
				"south": {
					"uv": [6, 9, 7, 10],
					"texture": "#0"
				},
				"west": {
					"uv": [9, 6, 10, 7],
					"texture": "#0"
				},
				"up": {
					"uv": [8, 10, 7, 9],
					"texture": "#0"
				},
				"down": {
					"uv": [10, 7, 9, 8],
					"texture": "#0"
				}
			}
		},
		{
			"from": [-9, 8, 2],
			"to": [-7, 10, 4],
			"rotation": {
				"angle": 0,
				"axis": "y",
				"origin": [-8, 8, 3]
			},
			"faces": {
				"north": {
					"uv": [9, 11, 10, 12],
					"texture": "#0"
				},
				"east": {
					"uv": [11, 9, 12, 10],
					"texture": "#0"
				},
				"south": {
					"uv": [10, 11, 11, 12],
					"texture": "#0"
				},
				"west": {
					"uv": [11, 10, 12, 11],
					"texture": "#0"
				},
				"up": {
					"uv": [12, 12, 11, 11],
					"texture": "#0"
				},
				"down": {
					"uv": [12.5, 0, 11.5, 1],
					"texture": "#0"
				}
			}
		},
		{
			"from": [-6, 8, 15],
			"to": [-4, 10, 17],
			"rotation": {
				"angle": 0,
				"axis": "y",
				"origin": [-5, 8, 16]
			},
			"faces": {
				"north": {
					"uv": [0, 8, 1, 9],
					"texture": "#0"
				},
				"east": {
					"uv": [1, 8, 2, 9],
					"texture": "#0"
				},
				"south": {
					"uv": [2, 8, 3, 9],
					"texture": "#0"
				},
				"west": {
					"uv": [8, 4, 9, 5],
					"texture": "#0"
				},
				"up": {
					"uv": [9, 6, 8, 5],
					"texture": "#0"
				},
				"down": {
					"uv": [7, 8, 6, 9],
					"texture": "#0"
				}
			}
		},
		{
			"from": [4, 8, 15],
			"to": [6, 10, 17],
			"rotation": {
				"angle": 0,
				"axis": "y",
				"origin": [5, 8, 16]
			},
			"faces": {
				"north": {
					"uv": [8, 9, 9, 10],
					"texture": "#0"
				},
				"east": {
					"uv": [9, 8, 10, 9],
					"texture": "#0"
				},
				"south": {
					"uv": [9, 9, 10, 10],
					"texture": "#0"
				},
				"west": {
					"uv": [9.5, 0, 10.5, 1],
					"texture": "#0"
				},
				"up": {
					"uv": [10.5, 2, 9.5, 1],
					"texture": "#0"
				},
				"down": {
					"uv": [10.5, 2, 9.5, 3],
					"texture": "#0"
				}
			}
		},
		{
			"from": [-1, 8, 15],
			"to": [1, 10, 17],
			"rotation": {
				"angle": 0,
				"axis": "y",
				"origin": [0, 8, 16]
			},
			"faces": {
				"north": {
					"uv": [7, 8, 8, 9],
					"texture": "#0"
				},
				"east": {
					"uv": [8, 8, 9, 9],
					"texture": "#0"
				},
				"south": {
					"uv": [8.5, 0, 9.5, 1],
					"texture": "#0"
				},
				"west": {
					"uv": [8.5, 1, 9.5, 2],
					"texture": "#0"
				},
				"up": {
					"uv": [9.5, 3, 8.5, 2],
					"texture": "#0"
				},
				"down": {
					"uv": [9.5, 3, 8.5, 4],
					"texture": "#0"
				}
			}
		},
		{
			"from": [7, 8, 12],
			"to": [9, 10, 14],
			"rotation": {
				"angle": 0,
				"axis": "y",
				"origin": [8, 8, 13]
			},
			"faces": {
				"north": {
					"uv": [9.5, 3, 10.5, 4],
					"texture": "#0"
				},
				"east": {
					"uv": [0, 10, 1, 11],
					"texture": "#0"
				},
				"south": {
					"uv": [1, 10, 2, 11],
					"texture": "#0"
				},
				"west": {
					"uv": [2, 10, 3, 11],
					"texture": "#0"
				},
				"up": {
					"uv": [4, 11, 3, 10],
					"texture": "#0"
				},
				"down": {
					"uv": [5, 10, 4, 11],
					"texture": "#0"
				}
			}
		},
		{
			"from": [7, 8, 7],
			"to": [9, 10, 9],
			"rotation": {
				"angle": 0,
				"axis": "y",
				"origin": [8, 8, 8]
			},
			"faces": {
				"north": {
					"uv": [10, 4, 11, 5],
					"texture": "#0"
				},
				"east": {
					"uv": [5, 10, 6, 11],
					"texture": "#0"
				},
				"south": {
					"uv": [10, 5, 11, 6],
					"texture": "#0"
				},
				"west": {
					"uv": [6, 10, 7, 11],
					"texture": "#0"
				},
				"up": {
					"uv": [11, 7, 10, 6],
					"texture": "#0"
				},
				"down": {
					"uv": [8, 10, 7, 11],
					"texture": "#0"
				}
			}
		}
	]
}