{
	"textures": {
		"0": "animated_java:blueprint/glist_crazy/belt_and_armscrazy",
		"particle": "minecraft:item/pufferfish"
	},
	"display": {
		"head": {
			"rotation": [0, 180, 0]
		}
	},
	"elements": [
		{
			"from": [6, 11, 8],
			"to": [9, 12, 9],
			"rotation": {
				"angle": 0,
				"axis": "y",
				"origin": [8, 11, 9]
			},
			"faces": {
				"north": {
					"uv": [3.5, 3.5, 5, 4],
					"texture": "#0"
				},
				"east": {
					"uv": [2.5, 0, 3, 0.5],
					"texture": "#0"
				},
				"south": {
					"uv": [4.5, 0, 6, 0.5],
					"texture": "#0"
				},
				"west": {
					"uv": [4, 2, 4.5, 2.5],
					"texture": "#0"
				},
				"up": {
					"uv": [3.5, 2.5, 5, 3],
					"texture": "#0"
				},
				"down": {
					"uv": [3.5, 3, 5, 3.5],
					"texture": "#0"
				}
			}
		},
		{
			"from": [9, 12, 7],
			"to": [10, 13, 8],
			"rotation": {
				"angle": 0,
				"axis": "z",
				"origin": [9, 14, 8]
			},
			"faces": {
				"north": {
					"uv": [3.5, 2, 5, 2.5],
					"rotation": 270,
					"texture": "#0"
				},
				"east": {
					"uv": [4, 4, 5.5, 4.5],
					"rotation": 90,
					"texture": "#0"
				},
				"south": {
					"uv": [5, 0, 6.5, 0.5],
					"rotation": 90,
					"texture": "#0"
				},
				"west": {
					"uv": [5, 1, 6.5, 1.5],
					"rotation": 90,
					"texture": "#0"
				},
				"up": {
					"uv": [2, 0, 2.5, 0.5],
					"rotation": 90,
					"texture": "#0"
				},
				"down": {
					"uv": [2, 1, 2.5, 1.5],
					"rotation": 90,
					"texture": "#0"
				}
			}
		},
		{
			"from": [6, 8, 8],
			"to": [9, 9, 9],
			"rotation": {
				"angle": 0,
				"axis": "y",
				"origin": [8, 8, 9]
			},
			"faces": {
				"north": {
					"uv": [3.5, 0.5, 5, 1],
					"texture": "#0"
				},
				"east": {
					"uv": [1, 5, 1.5, 5.5],
					"texture": "#0"
				},
				"south": {
					"uv": [3.5, 1.5, 5, 2],
					"texture": "#0"
				},
				"west": {
					"uv": [2.5, 5, 3, 5.5],
					"texture": "#0"
				},
				"up": {
					"uv": [3.5, 2.5, 5, 3],
					"texture": "#0"
				},
				"down": {
					"uv": [3.5, 3, 5, 3.5],
					"texture": "#0"
				}
			}
		}
	]
}