{
	"textures": {
		"0": "animated_java:blueprint/glist_crazy/belt_and_armscrazy",
		"2": "animated_java:blueprint/glist_crazy/glistikcrazy",
		"particle": "minecraft:item/pufferfish"
	},
	"display": {
		"head": {
			"rotation": [0, 180, 0]
		}
	},
	"elements": [
		{
			"from": [-1, -13, 4],
			"to": [17, -5, 20],
			"rotation": {
				"angle": 0,
				"axis": "y",
				"origin": [8, -13, 12]
			},
			"faces": {
				"north": {
					"uv": [7.5, 4.5, 9.75, 5.5],
					"texture": "#2"
				},
				"east": {
					"uv": [8, 1.5, 10, 2.5],
					"texture": "#2"
				},
				"south": {
					"uv": [7.5, 5.5, 9.75, 6.5],
					"texture": "#2"
				},
				"west": {
					"uv": [7.25, 8, 9.25, 9],
					"texture": "#2"
				},
				"up": {
					"uv": [2.25, 2, 0, 0],
					"texture": "#2"
				},
				"down": {
					"uv": [2.25, 2, 0, 4],
					"texture": "#2"
				}
			}
		},
		{
			"from": [6, -6, 3],
			"to": [10, -4, 6],
			"rotation": {
				"angle": 0,
				"axis": "y",
				"origin": [9, -7, 3]
			},
			"faces": {
				"north": {
					"uv": [6, 3.125, 6.5, 3.375],
					"texture": "#2"
				},
				"east": {
					"uv": [9.5, 1.125, 9.875, 1.375],
					"texture": "#2"
				},
				"south": {
					"uv": [6.5, 3.125, 7, 3.375],
					"texture": "#2"
				},
				"west": {
					"uv": [9.75, 8.625, 10.125, 8.875],
					"texture": "#2"
				},
				"up": {
					"uv": [9.75, 9, 9.25, 8.625],
					"texture": "#2"
				},
				"down": {
					"uv": [10, 0.75, 9.5, 1.125],
					"texture": "#2"
				}
			}
		},
		{
			"from": [6, -5, 2],
			"to": [7, -3, 5],
			"rotation": {
				"angle": 0,
				"axis": "y",
				"origin": [7, -7, 4]
			},
			"faces": {
				"north": {
					"uv": [5.5, 12, 6, 13],
					"texture": "#0"
				},
				"east": {
					"uv": [6, 7, 7.5, 8],
					"texture": "#0"
				},
				"south": {
					"uv": [12, 5.5, 12.5, 6.5],
					"texture": "#0"
				},
				"west": {
					"uv": [7.5, 7, 9, 8],
					"texture": "#0"
				},
				"up": {
					"uv": [12.5, 5.5, 12, 4],
					"texture": "#0"
				},
				"down": {
					"uv": [5.5, 12, 5, 13.5],
					"texture": "#0"
				}
			}
		},
		{
			"from": [0, -5, 6],
			"to": [16, 2, 19],
			"rotation": {
				"angle": 0,
				"axis": "y",
				"origin": [8, -5, 12]
			},
			"faces": {
				"north": {
					"uv": [9.25, 7.75, 11.25, 8.625],
					"texture": "#2"
				},
				"east": {
					"uv": [1.75, 9.625, 3.375, 10.5],
					"texture": "#2"
				},
				"south": {
					"uv": [5.25, 9.375, 7.25, 10.25],
					"texture": "#2"
				},
				"west": {
					"uv": [3.375, 9.75, 5, 10.625],
					"texture": "#2"
				},
				"up": {
					"uv": [5.5, 5.625, 3.5, 4],
					"texture": "#2"
				},
				"down": {
					"uv": [6.25, 0, 4.25, 1.625],
					"texture": "#2"
				}
			}
		},
		{
			"from": [1, 2, 6],
			"to": [15, 4, 19],
			"rotation": {
				"angle": 0,
				"axis": "y",
				"origin": [8, 2, 12]
			},
			"faces": {
				"north": {
					"uv": [10, 1.875, 11.75, 2.125],
					"texture": "#2"
				},
				"east": {
					"uv": [10.5, 6.5, 12.125, 6.75],
					"texture": "#2"
				},
				"south": {
					"uv": [10, 2.125, 11.75, 2.375],
					"texture": "#2"
				},
				"west": {
					"uv": [10.5, 6.75, 12.125, 7],
					"texture": "#2"
				},
				"up": {
					"uv": [8, 1.625, 6.25, 0],
					"texture": "#2"
				},
				"down": {
					"uv": [7.25, 6.625, 5.5, 8.25],
					"texture": "#2"
				}
			}
		},
		{
			"from": [-2, -13, 3],
			"to": [14, -7, 3],
			"rotation": {
				"angle": 0,
				"axis": "y",
				"origin": [6, -13, 4]
			},
			"faces": {
				"north": {
					"uv": [9.25, 3.75, 11.25, 4.5],
					"texture": "#2"
				},
				"east": {
					"uv": [0, 0, 0, 0.75],
					"texture": "#2"
				},
				"south": {
					"uv": [9.5, 0, 11.5, 0.75],
					"texture": "#2"
				},
				"west": {
					"uv": [0, 0, 0, 0.75],
					"texture": "#2"
				},
				"up": {
					"uv": [2, 0, 0, 0],
					"texture": "#2"
				},
				"down": {
					"uv": [2, 0, 0, 0],
					"texture": "#2"
				}
			}
		}
	]
}