{
	"textures": {
		"2": "animated_java:blueprint/glist_crazy/glistikcrazy",
		"particle": "minecraft:item/pufferfish"
	},
	"display": {
		"head": {
			"rotation": [0, 180, 0]
		}
	},
	"elements": [
		{
			"from": [4, 8, 7],
			"to": [12, 17, 14],
			"rotation": {
				"angle": 0,
				"axis": "y",
				"origin": [8, 8, 8]
			},
			"faces": {
				"north": {
					"uv": [10, 0.75, 11, 1.875],
					"texture": "#2"
				},
				"east": {
					"uv": [6, 10.25, 6.875, 11.375],
					"texture": "#2"
				},
				"south": {
					"uv": [5, 10.25, 6, 11.375],
					"texture": "#2"
				},
				"west": {
					"uv": [6.875, 10.25, 7.75, 11.375],
					"texture": "#2"
				},
				"up": {
					"uv": [10.75, 6.5, 9.75, 5.625],
					"texture": "#2"
				},
				"down": {
					"uv": [8.75, 10.25, 7.75, 11.125],
					"texture": "#2"
				}
			}
		}
	]
}