{
	"textures": {
		"2": "animated_java:blueprint/glist_crazy/glistikcrazy",
		"particle": "minecraft:item/pufferfish"
	},
	"display": {
		"head": {
			"rotation": [0, 180, 0]
		}
	},
	"elements": [
		{
			"from": [2, 8, 7],
			"to": [14, 18, 19],
			"rotation": {
				"angle": 0,
				"axis": "y",
				"origin": [8, 8, 8]
			},
			"faces": {
				"north": {
					"uv": [9, 6.5, 10.5, 7.75],
					"texture": "#2"
				},
				"east": {
					"uv": [7.25, 9, 8.75, 10.25],
					"texture": "#2"
				},
				"south": {
					"uv": [8.75, 9, 10.25, 10.25],
					"texture": "#2"
				},
				"west": {
					"uv": [9.25, 2.5, 10.75, 3.75],
					"texture": "#2"
				},
				"up": {
					"uv": [5.5, 8.625, 4, 7.125],
					"texture": "#2"
				},
				"down": {
					"uv": [9.5, 0, 8, 1.5],
					"texture": "#2"
				}
			}
		}
	]
}