{
	"textures": {
		"0": "animated_java:blueprint/glist_crazy/belt_and_armscrazy",
		"particle": "minecraft:item/pufferfish"
	},
	"display": {
		"head": {
			"rotation": [0, 180, 0]
		}
	},
	"elements": [
		{
			"from": [6, 7, 7],
			"to": [8, 11, 9],
			"rotation": {
				"angle": 0,
				"axis": "y",
				"origin": [3, 8, 8]
			},
			"faces": {
				"north": {
					"uv": [7.5, 0, 8.5, 2],
					"texture": "#0"
				},
				"east": {
					"uv": [3, 0.5, 4, 2.5],
					"texture": "#0"
				},
				"south": {
					"uv": [5.5, 1.5, 6.5, 3.5],
					"texture": "#0"
				},
				"west": {
					"uv": [5.5, 3.5, 6.5, 5.5],
					"texture": "#0"
				},
				"up": {
					"uv": [4.5, 4.5, 3.5, 3.5],
					"texture": "#0"
				},
				"down": {
					"uv": [3.5, 3.5, 2.5, 4.5],
					"texture": "#0"
				}
			}
		},
		{
			"from": [9, 7, 6],
			"to": [11, 11, 10],
			"rotation": {
				"angle": 2.5,
				"axis": "z",
				"origin": [10, 7, 8]
			},
			"faces": {
				"north": {
					"uv": [3, 7, 4, 9],
					"texture": "#0"
				},
				"east": {
					"uv": [0, 0, 2, 2],
					"texture": "#0"
				},
				"south": {
					"uv": [4, 7, 5, 9],
					"texture": "#0"
				},
				"west": {
					"uv": [0, 2, 2, 4],
					"texture": "#0"
				},
				"up": {
					"uv": [8, 6, 7, 4],
					"texture": "#0"
				},
				"down": {
					"uv": [6, 7, 5, 9],
					"texture": "#0"
				}
			}
		}
	]
}