{
	"textures": {
		"0": "animated_java:blueprint/glist_crazy/belt_and_armscrazy",
		"particle": "minecraft:item/pufferfish"
	},
	"display": {
		"head": {
			"rotation": [0, 180, 0]
		}
	},
	"elements": [
		{
			"from": [6, 8, 6],
			"to": [10, 12, 10],
			"rotation": {
				"angle": 0,
				"axis": "y",
				"origin": [7, 9, 8]
			},
			"faces": {
				"north": {
					"uv": [0, 4.5, 2, 6.5],
					"texture": "#0"
				},
				"east": {
					"uv": [2, 1.5, 4, 3.5],
					"texture": "#0"
				},
				"south": {
					"uv": [3, 4.5, 5, 6.5],
					"texture": "#0"
				},
				"west": {
					"uv": [5, 4.5, 7, 6.5],
					"texture": "#0"
				},
				"up": {
					"uv": [6, 3.5, 4, 1.5],
					"texture": "#0"
				},
				"down": {
					"uv": [8, 1.5, 6, 3.5],
					"texture": "#0"
				}
			}
		},
		{
			"from": [4, 8, 6],
			"to": [6, 12, 10],
			"rotation": {
				"angle": 0,
				"axis": "y",
				"origin": [5, 8, 8]
			},
			"faces": {
				"north": {
					"uv": [3, 7, 4, 9],
					"texture": "#0"
				},
				"east": {
					"uv": [0, 0, 2, 2],
					"texture": "#0"
				},
				"south": {
					"uv": [4, 7, 5, 9],
					"texture": "#0"
				},
				"west": {
					"uv": [0, 2, 2, 4],
					"texture": "#0"
				},
				"up": {
					"uv": [8, 6, 7, 4],
					"texture": "#0"
				},
				"down": {
					"uv": [6, 7, 5, 9],
					"texture": "#0"
				}
			}
		}
	]
}