{
	"credit": "Made with Blockbench",
	"texture_size": [32, 32],
	"textures": {
		"0": "./microphone",
		"particle": "./microphone"
	},
	"elements": [
		{
			"from": [6, 7, 6],
			"to": [10, 12, 10],
			"faces": {
				"north": {"uv": [0, 0, 2, 2.5], "texture": "#0"},
				"east": {"uv": [2, 0, 4, 2.5], "texture": "#0"},
				"south": {"uv": [0, 2.5, 2, 5], "texture": "#0"},
				"west": {"uv": [2, 2.5, 4, 5], "texture": "#0"},
				"up": {"uv": [6, 2, 4, 0], "texture": "#0"},
				"down": {"uv": [6, 2, 4, 4], "texture": "#0"}
			}
		},
		{
			"from": [7, 0, 7],
			"to": [9, 7, 9],
			"faces": {
				"north": {"uv": [4, 4, 5, 7.5], "texture": "#0"},
				"east": {"uv": [0, 5, 1, 8.5], "texture": "#0"},
				"south": {"uv": [1, 5, 2, 8.5], "texture": "#0"},
				"west": {"uv": [2, 5, 3, 8.5], "texture": "#0"},
				"up": {"uv": [4, 6, 3, 5], "texture": "#0"},
				"down": {"uv": [6, 4, 5, 5], "texture": "#0"}
			}
		}
	],
	"gui_light": "front",
	"display": {
		"thirdperson_righthand": {
			"translation": [0, 2, 0.5],
			"scale": [0.6, 0.6, 0.6]
		},
		"thirdperson_lefthand": {
			"translation": [0, 1.75, 0.5],
			"scale": [0.6, 0.6, 0.6]
		},
		"firstperson_righthand": {
			"rotation": [-10, 0, 10],
			"translation": [3.25, 3, -3.5]
		},
		"firstperson_lefthand": {
			"rotation": [-10, 0, 10],
			"translation": [3.25, 3, -3.5]
		},
		"ground": {
			"translation": [0, 2, 0],
			"scale": [0.6, 0.6, 0.6]
		},
		"gui": {
			"rotation": [45, -135, 25],
			"translation": [0.25, 0.25, 0]
		},
		"fixed": {
			"rotation": [-5, 0, 0],
			"translation": [0, 4, -2.75],
			"scale": [1.3, 1.3, 1.3]
		}
	}
}