{
	"credit": "",
	"textures": {
		"0": "./quartz_block_top",
		"2": "./tinted_glass",
		"3": "./black_concrete_powder",
		"4": "./netherite_block",
		"particle": "./quartz_block_top"
	},
	"elements": [
		{
			"from": [14, 1, 0],
			"to": [16, 11, 1],
			"faces": {
				"north": {"uv": [0, 6, 2, 16], "texture": "#0"},
				"east": {"uv": [0, 6, 1, 16], "texture": "#0"},
				"south": {"uv": [13, 6, 15, 16], "texture": "#0"},
				"west": {"uv": [0, 0, 1, 10], "texture": "#0"},
				"up": {"uv": [0, 0, 2, 1], "texture": "#0"},
				"down": {"uv": [14, 15, 16, 16], "texture": "#0"}
			}
		},
		{
			"from": [0, 1, 0],
			"to": [2, 11, 1],
			"faces": {
				"north": {"uv": [14, 6, 16, 16], "texture": "#0"},
				"east": {"uv": [0, 0, 1, 10], "texture": "#0"},
				"south": {"uv": [0, 5, 2, 15], "texture": "#0"},
				"west": {"uv": [0, 0, 1, 10], "texture": "#0"},
				"up": {"uv": [0, 0, 2, 1], "texture": "#0"},
				"down": {"uv": [14, 15, 16, 16], "texture": "#0"}
			}
		},
		{
			"from": [0, 11, 0],
			"to": [16, 15, 1],
			"faces": {
				"north": {"uv": [0, 0, 16, 4], "texture": "#0"},
				"east": {"uv": [0, 0, 1, 4], "texture": "#0"},
				"south": {"uv": [0, 0, 16, 4], "texture": "#0"},
				"west": {"uv": [0, 0, 1, 4], "texture": "#0"},
				"up": {"uv": [0, 0, 16, 1], "texture": "#0"},
				"down": {"uv": [0, 0, 16, 1], "texture": "#0"}
			}
		},
		{
			"from": [0, 12, -2],
			"to": [16, 13, -1],
			"faces": {
				"north": {"uv": [0, 4, 16, 5], "texture": "#0"},
				"east": {"uv": [0, 0, 1, 1], "texture": "#0"},
				"south": {"uv": [0, 2, 16, 3], "texture": "#0"},
				"west": {"uv": [0, 0, 1, 1], "texture": "#0"},
				"up": {"uv": [0, 10, 16, 11], "texture": "#0"},
				"down": {"uv": [0, 7, 16, 8], "texture": "#0"}
			}
		},
		{
			"from": [2, 12, -1],
			"to": [3, 13, 0],
			"faces": {
				"north": {"uv": [0, 4, 1, 5], "texture": "#0"},
				"east": {"uv": [0, 0, 1, 1], "texture": "#0"},
				"south": {"uv": [0, 2, 1, 3], "texture": "#0"},
				"west": {"uv": [0, 0, 1, 1], "texture": "#0"},
				"up": {"uv": [0, 10, 1, 11], "texture": "#0"},
				"down": {"uv": [0, 7, 1, 8], "texture": "#0"}
			}
		},
		{
			"from": [13, 12, -1],
			"to": [14, 13, 0],
			"faces": {
				"north": {"uv": [0, 4, 1, 5], "texture": "#0"},
				"east": {"uv": [0, 0, 1, 1], "texture": "#0"},
				"south": {"uv": [0, 2, 1, 3], "texture": "#0"},
				"west": {"uv": [0, 0, 1, 1], "texture": "#0"},
				"up": {"uv": [0, 10, 1, 11], "texture": "#0"},
				"down": {"uv": [0, 7, 1, 8], "texture": "#0"}
			}
		},
		{
			"from": [12, 13.5, -1],
			"to": [13, 14.5, 0],
			"faces": {
				"north": {"uv": [15, 8, 16, 9], "texture": "#0"},
				"east": {"uv": [15, 3, 16, 4], "texture": "#0"},
				"south": {"uv": [15, 5, 16, 6], "texture": "#0"},
				"west": {"uv": [15, 3, 16, 4], "texture": "#0"},
				"up": {"uv": [15, 13, 16, 14], "texture": "#0"},
				"down": {"uv": [15, 10, 16, 11], "texture": "#0"}
			}
		},
		{
			"from": [10, 13.5, -1],
			"to": [11, 14.5, 0],
			"faces": {
				"north": {"uv": [15, 8, 16, 9], "texture": "#0"},
				"east": {"uv": [15, 3, 16, 4], "texture": "#0"},
				"south": {"uv": [15, 5, 16, 6], "texture": "#0"},
				"west": {"uv": [15, 3, 16, 4], "texture": "#0"},
				"up": {"uv": [15, 13, 16, 14], "texture": "#0"},
				"down": {"uv": [15, 10, 16, 11], "texture": "#0"}
			}
		},
		{
			"from": [8, 13.5, -1],
			"to": [9, 14.5, 0],
			"faces": {
				"north": {"uv": [15, 8, 16, 9], "texture": "#0"},
				"east": {"uv": [15, 3, 16, 4], "texture": "#0"},
				"south": {"uv": [15, 5, 16, 6], "texture": "#0"},
				"west": {"uv": [15, 3, 16, 4], "texture": "#0"},
				"up": {"uv": [15, 13, 16, 14], "texture": "#0"},
				"down": {"uv": [15, 10, 16, 11], "texture": "#0"}
			}
		},
		{
			"from": [6, 13.5, -1],
			"to": [7, 14.5, 0],
			"faces": {
				"north": {"uv": [15, 8, 16, 9], "texture": "#0"},
				"east": {"uv": [15, 3, 16, 4], "texture": "#0"},
				"south": {"uv": [15, 5, 16, 6], "texture": "#0"},
				"west": {"uv": [15, 3, 16, 4], "texture": "#0"},
				"up": {"uv": [15, 13, 16, 14], "texture": "#0"},
				"down": {"uv": [15, 10, 16, 11], "texture": "#0"}
			}
		},
		{
			"from": [3, 13.5, -1],
			"to": [4, 14.5, 0],
			"faces": {
				"north": {"uv": [15, 8, 16, 9], "texture": "#0"},
				"east": {"uv": [15, 3, 16, 4], "texture": "#0"},
				"south": {"uv": [15, 5, 16, 6], "texture": "#0"},
				"west": {"uv": [15, 3, 16, 4], "texture": "#0"},
				"up": {"uv": [15, 13, 16, 14], "texture": "#0"},
				"down": {"uv": [15, 10, 16, 11], "texture": "#0"}
			}
		},
		{
			"from": [2, 1, 0],
			"to": [14, 3, 1],
			"faces": {
				"north": {"uv": [2, 14, 14, 16], "texture": "#0"},
				"east": {"uv": [0, 0, 1, 2], "texture": "#0"},
				"south": {"uv": [3, 13, 15, 15], "texture": "#0"},
				"west": {"uv": [0, 0, 1, 2], "texture": "#0"},
				"up": {"uv": [0, 0, 12, 1], "texture": "#0"},
				"down": {"uv": [4, 15, 16, 16], "texture": "#0"}
			}
		},
		{
			"from": [13, 4, 0],
			"to": [14, 8, 1],
			"faces": {
				"north": {"uv": [4, 15, 8, 16], "rotation": 270, "texture": "#2"},
				"east": {"uv": [0, 0, 1, 4], "texture": "#2"},
				"south": {"uv": [15, 7, 16, 11], "texture": "#2"},
				"west": {"uv": [0, 0, 1, 4], "texture": "#2"},
				"up": {"uv": [0, 0, 1, 1], "texture": "#2"},
				"down": {"uv": [0, 0, 1, 1], "texture": "#2"}
			}
		},
		{
			"from": [13, 8, 0],
			"to": [14, 10, 1],
			"faces": {
				"north": {"uv": [15, 4, 16, 6], "texture": "#2"},
				"east": {"uv": [0, 0, 1, 2], "texture": "#2"},
				"south": {"uv": [15, 11, 16, 13], "texture": "#2"},
				"west": {"uv": [0, 0, 1, 2], "texture": "#2"},
				"up": {"uv": [0, 0, 1, 1], "texture": "#2"},
				"down": {"uv": [0, 0, 1, 1], "texture": "#2"}
			}
		},
		{
			"from": [2, 4, 0],
			"to": [3, 8, 1],
			"faces": {
				"north": {"uv": [4, 15, 8, 16], "rotation": 270, "texture": "#2"},
				"east": {"uv": [0, 0, 1, 4], "texture": "#2"},
				"south": {"uv": [15, 3, 16, 7], "texture": "#2"},
				"west": {"uv": [0, 0, 1, 4], "texture": "#2"},
				"up": {"uv": [0, 0, 1, 1], "texture": "#2"},
				"down": {"uv": [0, 0, 1, 1], "texture": "#2"}
			}
		},
		{
			"from": [2, 8, 0],
			"to": [3, 10, 1],
			"faces": {
				"north": {"uv": [15, 4, 16, 6], "texture": "#2"},
				"east": {"uv": [0, 0, 1, 2], "texture": "#2"},
				"south": {"uv": [15, 11, 16, 13], "texture": "#2"},
				"west": {"uv": [0, 0, 1, 2], "texture": "#2"},
				"up": {"uv": [0, 0, 1, 1], "texture": "#2"},
				"down": {"uv": [0, 0, 1, 1], "texture": "#2"}
			}
		},
		{
			"from": [2, 3, 0],
			"to": [14, 4, 1],
			"faces": {
				"north": {"uv": [15, 4, 16, 16], "rotation": 270, "texture": "#2"},
				"east": {"uv": [0, 0, 1, 1], "texture": "#2"},
				"south": {"uv": [0, 15, 12, 16], "texture": "#2"},
				"west": {"uv": [0, 0, 1, 1], "texture": "#2"},
				"up": {"uv": [6, 0, 18, 1], "texture": "#2"},
				"down": {"uv": [4, 15, 16, 16], "texture": "#2"}
			}
		},
		{
			"from": [3, 8, 0],
			"to": [13, 10, 1],
			"faces": {
				"north": {"uv": [1, 4, 11, 6], "texture": "#2"},
				"east": {"uv": [6, 7, 7, 9], "texture": "#2"},
				"south": {"uv": [1, 4, 11, 6], "texture": "#2"},
				"west": {"uv": [3, 7, 4, 9], "texture": "#2"},
				"up": {"uv": [3, 7, 13, 8], "texture": "#2"},
				"down": {"uv": [2, 9, 12, 10], "texture": "#2"}
			}
		},
		{
			"from": [3, 4, 0],
			"to": [13, 8, 1],
			"faces": {
				"north": {"uv": [5, 10, 15, 14], "texture": "#2"},
				"east": {"uv": [8, 3, 9, 7], "texture": "#2"},
				"south": {"uv": [5, 10, 15, 14], "texture": "#2"},
				"west": {"uv": [8, 4, 9, 8], "texture": "#2"},
				"up": {"uv": [3, 8, 13, 9], "texture": "#2"},
				"down": {"uv": [3, 8, 13, 9], "texture": "#2"}
			}
		},
		{
			"from": [2, 10, 0],
			"to": [14, 11, 1],
			"faces": {
				"north": {"uv": [15, 0, 16, 12], "rotation": 270, "texture": "#2"},
				"east": {"uv": [0, 0, 1, 1], "texture": "#2"},
				"south": {"uv": [0, 15, 12, 16], "texture": "#2"},
				"west": {"uv": [0, 0, 1, 1], "texture": "#2"},
				"up": {"uv": [6, 0, 18, 1], "texture": "#2"},
				"down": {"uv": [0, 15, 12, 16], "texture": "#2"}
			}
		},
		{
			"from": [1, 0, 1],
			"to": [15, 1, 15],
			"faces": {
				"north": {"uv": [2, 15, 16, 16], "texture": "#4"},
				"east": {"uv": [0, 0, 14, 1], "texture": "#4"},
				"south": {"uv": [2, 0, 16, 1], "texture": "#4"},
				"west": {"uv": [0, 15, 14, 16], "texture": "#4"},
				"up": {"uv": [0, 0, 16, 15], "texture": "#4"},
				"down": {"uv": [1, 1, 15, 15], "texture": "#4"}
			}
		},
		{
			"from": [15, 1, 1],
			"to": [16, 7, 15],
			"faces": {
				"north": {"uv": [0, 0, 1, 6], "texture": "#0"},
				"east": {"uv": [1, 10, 15, 16], "texture": "#0"},
				"south": {"uv": [0, 0, 1, 6], "texture": "#0"},
				"west": {"uv": [0, 0, 14, 6], "texture": "#0"},
				"up": {"uv": [0, 0, 1, 14], "texture": "#0"},
				"down": {"uv": [15, 2, 16, 16], "texture": "#0"}
			}
		},
		{
			"from": [15, 7, 1],
			"to": [16, 15, 15],
			"faces": {
				"north": {"uv": [0, 0, 1, 8], "texture": "#0"},
				"east": {"uv": [1, 0, 15, 8], "texture": "#0"},
				"south": {"uv": [0, 0, 1, 8], "texture": "#0"},
				"west": {"uv": [0, 0, 14, 8], "texture": "#0"},
				"up": {"uv": [0, 0, 1, 14], "texture": "#0"},
				"down": {"uv": [0, 0, 1, 14], "texture": "#0"}
			}
		},
		{
			"from": [0, 1, 1],
			"to": [1, 7, 15],
			"faces": {
				"north": {"uv": [0, 0, 1, 6], "texture": "#0"},
				"east": {"uv": [0, 0, 14, 6], "texture": "#0"},
				"south": {"uv": [0, 0, 1, 6], "texture": "#0"},
				"west": {"uv": [1, 10, 15, 16], "texture": "#0"},
				"up": {"uv": [0, 0, 1, 14], "rotation": 180, "texture": "#0"},
				"down": {"uv": [15, 2, 16, 16], "rotation": 180, "texture": "#0"}
			}
		},
		{
			"from": [0, 7, 1],
			"to": [1, 15, 15],
			"faces": {
				"north": {"uv": [0, 0, 1, 8], "texture": "#0"},
				"east": {"uv": [0, 0, 14, 8], "texture": "#0"},
				"south": {"uv": [0, 0, 1, 8], "texture": "#0"},
				"west": {"uv": [1, 0, 15, 8], "texture": "#0"},
				"up": {"uv": [0, 0, 1, 14], "rotation": 180, "texture": "#0"},
				"down": {"uv": [0, 0, 1, 14], "rotation": 180, "texture": "#0"}
			}
		},
		{
			"from": [0, 1, 15],
			"to": [16, 16, 16],
			"faces": {
				"north": {"uv": [0, 1, 16, 16], "texture": "#0"},
				"east": {"uv": [0, 1, 1, 16], "texture": "#0"},
				"south": {"uv": [0, 1, 16, 16], "texture": "#0"},
				"west": {"uv": [0, 1, 1, 16], "texture": "#0"},
				"up": {"uv": [0, 4, 16, 5], "texture": "#0"},
				"down": {"uv": [0, 15, 16, 16], "texture": "#0"}
			}
		},
		{
			"from": [1, 13, 1],
			"to": [15, 15, 2],
			"faces": {
				"north": {"uv": [0, 0, 14, 2], "texture": "#3"},
				"east": {"uv": [0, 0, 1, 2], "texture": "#3"},
				"south": {"uv": [0, 0, 14, 2], "texture": "#3"},
				"west": {"uv": [0, 0, 1, 2], "texture": "#3"},
				"up": {"uv": [0, 0, 14, 1], "texture": "#3"},
				"down": {"uv": [0, 0, 14, 1], "texture": "#3"}
			}
		},
		{
			"from": [1, 1, 1],
			"to": [15, 2, 15],
			"faces": {
				"north": {"uv": [0, 0, 14, 1], "texture": "#3"},
				"east": {"uv": [0, 0, 14, 1], "texture": "#3"},
				"south": {"uv": [0, 0, 14, 1], "texture": "#3"},
				"west": {"uv": [0, 0, 14, 1], "texture": "#3"},
				"up": {"uv": [0, 0, 14, 14], "texture": "#3"},
				"down": {"uv": [0, 0, 14, 14], "texture": "#3"}
			}
		},
		{
			"from": [1, 12, 2],
			"to": [15, 13, 15],
			"faces": {
				"north": {"uv": [0, 0, 14, 1], "texture": "#3"},
				"east": {"uv": [0, 0, 13, 1], "texture": "#3"},
				"south": {"uv": [0, 0, 14, 1], "texture": "#3"},
				"west": {"uv": [0, 0, 13, 1], "texture": "#3"},
				"up": {"uv": [0, 0, 14, 13], "texture": "#3"},
				"down": {"uv": [0, 0, 14, 13], "texture": "#3"}
			}
		},
		{
			"from": [1, 14, 2],
			"to": [15, 15, 15],
			"faces": {
				"north": {"uv": [0, 0, 14, 1], "texture": "#3"},
				"east": {"uv": [0, 0, 13, 1], "texture": "#3"},
				"south": {"uv": [0, 0, 14, 1], "texture": "#3"},
				"west": {"uv": [0, 0, 13, 1], "texture": "#3"},
				"up": {"uv": [0, 0, 14, 13], "texture": "#3"},
				"down": {"uv": [0, 0, 14, 13], "texture": "#3"}
			}
		},
		{
			"from": [2, 15, 2],
			"to": [7, 16, 7],
			"faces": {
				"north": {"uv": [9, 15, 14, 16], "texture": "#4"},
				"east": {"uv": [7, 15, 12, 16], "texture": "#4"},
				"south": {"uv": [11, 15, 16, 16], "texture": "#4"},
				"west": {"uv": [7, 13, 12, 14], "texture": "#4"},
				"up": {"uv": [3, 3, 8, 8], "texture": "#4"},
				"down": {"uv": [0, 0, 5, 5], "texture": "#4"}
			}
		},
		{
			"from": [9, 15, 2],
			"to": [14, 16, 7],
			"faces": {
				"north": {"uv": [6, 15, 11, 16], "texture": "#4"},
				"east": {"uv": [7, 15, 12, 16], "texture": "#4"},
				"south": {"uv": [10, 15, 15, 16], "texture": "#4"},
				"west": {"uv": [7, 13, 12, 14], "texture": "#4"},
				"up": {"uv": [3, 3, 8, 8], "texture": "#4"},
				"down": {"uv": [0, 0, 5, 5], "texture": "#4"}
			}
		},
		{
			"from": [9, 15, 9],
			"to": [14, 16, 14],
			"faces": {
				"north": {"uv": [3, 15, 8, 16], "texture": "#4"},
				"east": {"uv": [7, 15, 12, 16], "texture": "#4"},
				"south": {"uv": [6, 15, 11, 16], "texture": "#4"},
				"west": {"uv": [7, 13, 12, 14], "texture": "#4"},
				"up": {"uv": [3, 3, 8, 8], "texture": "#4"},
				"down": {"uv": [0, 0, 5, 5], "texture": "#4"}
			}
		},
		{
			"from": [2, 15, 9],
			"to": [7, 16, 14],
			"faces": {
				"north": {"uv": [7, 13, 12, 14], "texture": "#4"},
				"east": {"uv": [7, 15, 12, 16], "texture": "#4"},
				"south": {"uv": [0, 15, 5, 16], "texture": "#4"},
				"west": {"uv": [7, 13, 12, 14], "texture": "#4"},
				"up": {"uv": [3, 3, 8, 8], "texture": "#4"},
				"down": {"uv": [0, 0, 5, 5], "texture": "#4"}
			}
		},
		{
			"from": [2, 2, 1],
			"to": [14, 3, 2],
			"faces": {
				"north": {"uv": [0, 0, 12, 1], "texture": "#3"},
				"east": {"uv": [0, 0, 1, 1], "texture": "#3"},
				"south": {"uv": [0, 0, 12, 1], "texture": "#3"},
				"west": {"uv": [0, 0, 1, 1], "texture": "#3"},
				"up": {"uv": [0, 0, 12, 1], "texture": "#3"},
				"down": {"uv": [0, 0, 12, 1], "texture": "#3"}
			}
		},
		{
			"from": [2, 11, 1],
			"to": [14, 12, 2],
			"faces": {
				"north": {"uv": [0, 0, 12, 1], "texture": "#3"},
				"east": {"uv": [0, 0, 1, 1], "texture": "#3"},
				"south": {"uv": [0, 0, 12, 1], "texture": "#3"},
				"west": {"uv": [0, 0, 1, 1], "texture": "#3"},
				"up": {"uv": [0, 0, 12, 1], "texture": "#3"},
				"down": {"uv": [0, 0, 12, 1], "texture": "#3"}
			}
		},
		{
			"from": [1, 2, 1],
			"to": [2, 12, 15],
			"faces": {
				"north": {"uv": [0, 0, 1, 10], "texture": "#3"},
				"east": {"uv": [0, 0, 14, 10], "texture": "#3"},
				"south": {"uv": [0, 0, 1, 10], "texture": "#3"},
				"west": {"uv": [0, 0, 14, 10], "texture": "#3"},
				"up": {"uv": [0, 0, 1, 14], "texture": "#3"},
				"down": {"uv": [0, 0, 1, 14], "texture": "#3"}
			}
		},
		{
			"from": [14, 2, 1],
			"to": [15, 12, 15],
			"faces": {
				"north": {"uv": [0, 0, 1, 10], "texture": "#3"},
				"east": {"uv": [0, 0, 14, 10], "texture": "#3"},
				"south": {"uv": [0, 0, 1, 10], "texture": "#3"},
				"west": {"uv": [0, 0, 14, 10], "texture": "#3"},
				"up": {"uv": [0, 0, 1, 14], "texture": "#3"},
				"down": {"uv": [0, 0, 1, 14], "texture": "#3"}
			}
		},
		{
			"from": [2, 2, 14],
			"to": [14, 12, 15],
			"faces": {
				"north": {"uv": [0, 0, 12, 10], "texture": "#3"},
				"east": {"uv": [0, 0, 1, 10], "texture": "#3"},
				"south": {"uv": [0, 0, 12, 10], "texture": "#3"},
				"west": {"uv": [0, 0, 1, 10], "texture": "#3"},
				"up": {"uv": [0, 0, 12, 1], "texture": "#3"},
				"down": {"uv": [0, 0, 12, 1], "texture": "#3"}
			}
		}
	],
	"gui_light": "front",
	"display": {
		"thirdperson_righthand": {
			"rotation": [75, 45, 0],
			"translation": [0, 2.5, 0],
			"scale": [0.375, 0.375, 0.375]
		},
		"thirdperson_lefthand": {
			"rotation": [75, 45, 0],
			"translation": [0, 2.5, 0],
			"scale": [0.375, 0.375, 0.375]
		},
		"firstperson_righthand": {
			"rotation": [0, 45, 0],
			"scale": [0.4, 0.4, 0.4]
		},
		"firstperson_lefthand": {
			"rotation": [0, 225, 0],
			"scale": [0.4, 0.4, 0.4]
		},
		"ground": {
			"translation": [0, 3, 0],
			"scale": [0.25, 0.25, 0.25]
		},
		"gui": {
			"rotation": [30, 135, 0],
			"scale": [0.625, 0.625, 0.625]
		},
		"head": {
			"translation": [0, 0.75, 0]
		},
		"fixed": {
			"rotation": [-90, 0, 0],
			"translation": [0, 0, -14.25],
			"scale": [2, 2, 2]
		}
	}
}