{
	"textures": {
		"0": "animated_java:blueprint/table/tablo",
		"1": "animated_java:blueprint/table/empty",
		"particle": "minecraft:item/pufferfish"
	},
	"display": {
		"head": {
			"rotation": [0, 180, 0]
		}
	},
	"elements": [
		{
			"from": [9.15385, 9.15385, 6.84615],
			"to": [11.23077, 11.23077, 8.46154],
			"rotation": {
				"angle": 0,
				"axis": "y",
				"origin": [9.84615, 9.15385, 7.07692]
			},
			"faces": {
				"north": {
					"uv": [7.375, 7.125, 7.9375, 7.6875],
					"texture": "#0"
				},
				"east": {
					"uv": [7.9375, 7.125, 8.375, 7.6875],
					"texture": "#0"
				},
				"south": {
					"uv": [3.5, 7.5, 4.0625, 8.0625],
					"texture": "#0"
				},
				"west": {
					"uv": [7.9375, 7.6875, 8.375, 8.25],
					"texture": "#0"
				},
				"up": {
					"uv": [6.3125, 8.4375, 5.75, 8],
					"texture": "#0"
				},
				"down": {
					"uv": [6.875, 8, 6.3125, 8.4375],
					"texture": "#0"
				}
			}
		},
		{
			"from": [4.76923, 11, 6.84615],
			"to": [6.84615, 13.07692, 8.46154],
			"rotation": {
				"angle": 0,
				"axis": "y",
				"origin": [5.46154, 11, 7.07692]
			},
			"faces": {
				"north": {
					"uv": [4.0625, 7.5, 4.625, 8.0625],
					"texture": "#0"
				},
				"east": {
					"uv": [6.875, 8, 7.3125, 8.5625],
					"texture": "#0"
				},
				"south": {
					"uv": [4.625, 7.625, 5.1875, 8.1875],
					"texture": "#0"
				},
				"west": {
					"uv": [3.5, 8.0625, 3.9375, 8.625],
					"texture": "#0"
				},
				"up": {
					"uv": [4.5, 8.5, 3.9375, 8.0625],
					"texture": "#0"
				},
				"down": {
					"uv": [8.625, 5.625, 8.0625, 6.0625],
					"texture": "#0"
				}
			}
		},
		{
			"from": [9.15385, 12.84615, 6.84615],
			"to": [11.23077, 14.92308, 8.46154],
			"rotation": {
				"angle": 0,
				"axis": "y",
				"origin": [9.84615, 12.84615, 7.07692]
			},
			"faces": {
				"north": {
					"uv": [5.1875, 7.625, 5.75, 8.1875],
					"texture": "#0"
				},
				"east": {
					"uv": [8.0625, 6.0625, 8.5, 6.625],
					"texture": "#0"
				},
				"south": {
					"uv": [7.375, 7.6875, 7.9375, 8.25],
					"texture": "#0"
				},
				"west": {
					"uv": [4.5, 8.1875, 4.9375, 8.75],
					"texture": "#0"
				},
				"up": {
					"uv": [8.625, 7.0625, 8.0625, 6.625],
					"texture": "#0"
				},
				"down": {
					"uv": [5.5, 8.1875, 4.9375, 8.625],
					"texture": "#0"
				}
			}
		},
		{
			"from": [4.76923, 14.69231, 6.84615],
			"to": [6.84615, 16.76923, 8.46154],
			"rotation": {
				"angle": 0,
				"axis": "y",
				"origin": [5.46154, 14.69231, 7.07692]
			},
			"faces": {
				"north": {
					"uv": [7.875, 0, 8.4375, 0.5625],
					"texture": "#0"
				},
				"east": {
					"uv": [7.3125, 8.25, 7.75, 8.8125],
					"texture": "#0"
				},
				"south": {
					"uv": [7.875, 0.5625, 8.4375, 1.125],
					"texture": "#0"
				},
				"west": {
					"uv": [7.75, 8.25, 8.1875, 8.8125],
					"texture": "#0"
				},
				"up": {
					"uv": [8.75, 8.6875, 8.1875, 8.25],
					"texture": "#0"
				},
				"down": {
					"uv": [8.9375, 7.0625, 8.375, 7.5],
					"texture": "#0"
				}
			}
		},
		{
			"from": [9.15385, 16.53846, 6.84615],
			"to": [11.23077, 18.61538, 8.46154],
			"rotation": {
				"angle": 0,
				"axis": "y",
				"origin": [9.84615, 16.53846, 7.07692]
			},
			"faces": {
				"north": {
					"uv": [7.875, 1.125, 8.4375, 1.6875],
					"texture": "#0"
				},
				"east": {
					"uv": [8.375, 7.5, 8.8125, 8.0625],
					"texture": "#0"
				},
				"south": {
					"uv": [7.875, 1.6875, 8.4375, 2.25],
					"texture": "#0"
				},
				"west": {
					"uv": [8.4375, 0, 8.875, 0.5625],
					"texture": "#0"
				},
				"up": {
					"uv": [9, 1, 8.4375, 0.5625],
					"texture": "#0"
				},
				"down": {
					"uv": [9, 1, 8.4375, 1.4375],
					"texture": "#0"
				}
			}
		},
		{
			"from": [4.76923, 18.38462, 6.84615],
			"to": [6.84615, 20.46154, 8.46154],
			"rotation": {
				"angle": 0,
				"axis": "y",
				"origin": [5.46154, 18.38462, 7.07692]
			},
			"faces": {
				"north": {
					"uv": [7.875, 2.25, 8.4375, 2.8125],
					"texture": "#0"
				},
				"east": {
					"uv": [8.4375, 1.4375, 8.875, 2],
					"texture": "#0"
				},
				"south": {
					"uv": [7.875, 2.8125, 8.4375, 3.375],
					"texture": "#0"
				},
				"west": {
					"uv": [8.4375, 2, 8.875, 2.5625],
					"texture": "#0"
				},
				"up": {
					"uv": [9, 3, 8.4375, 2.5625],
					"texture": "#0"
				},
				"down": {
					"uv": [9, 3, 8.4375, 3.4375],
					"texture": "#0"
				}
			}
		},
		{
			"from": [9.15385, 20.23077, 6.84615],
			"to": [11.23077, 22.30769, 8.46154],
			"rotation": {
				"angle": 0,
				"axis": "y",
				"origin": [9.84615, 20.23077, 7.07692]
			},
			"faces": {
				"north": {
					"uv": [7.875, 3.375, 8.4375, 3.9375],
					"texture": "#0"
				},
				"east": {
					"uv": [8.4375, 3.4375, 8.875, 4],
					"texture": "#0"
				},
				"south": {
					"uv": [7.875, 3.9375, 8.4375, 4.5],
					"texture": "#0"
				},
				"west": {
					"uv": [8.4375, 4, 8.875, 4.5625],
					"texture": "#0"
				},
				"up": {
					"uv": [9, 5, 8.4375, 4.5625],
					"texture": "#0"
				},
				"down": {
					"uv": [9, 5, 8.4375, 5.4375],
					"texture": "#0"
				}
			}
		},
		{
			"from": [4.76923, 22.07692, 6.84615],
			"to": [6.84615, 24.15385, 8.46154],
			"rotation": {
				"angle": 0,
				"axis": "y",
				"origin": [5.46154, 22.07692, 7.07692]
			},
			"faces": {
				"north": {
					"uv": [7.875, 4.5, 8.4375, 5.0625],
					"texture": "#0"
				},
				"east": {
					"uv": [5.5, 8.4375, 5.9375, 9],
					"texture": "#0"
				},
				"south": {
					"uv": [7.875, 5.0625, 8.4375, 5.625],
					"texture": "#0"
				},
				"west": {
					"uv": [5.9375, 8.4375, 6.375, 9],
					"texture": "#0"
				},
				"up": {
					"uv": [4.5, 8.9375, 3.9375, 8.5],
					"texture": "#0"
				},
				"down": {
					"uv": [9.0625, 6.0625, 8.5, 6.5],
					"texture": "#0"
				}
			}
		},
		{
			"from": [0.61538, 8, 8.23077],
			"to": [15.15385, 29.69231, 8.23077],
			"rotation": {
				"angle": 0,
				"axis": "y",
				"origin": [10.07692, 8, 8]
			},
			"faces": {
				"north": {
					"uv": [0, 0, 3.9375, 5.875],
					"texture": "#0"
				},
				"east": {
					"uv": [0, 0, 0, 5.875],
					"texture": "#0"
				},
				"south": {
					"uv": [3.9375, 0, 7.875, 5.875],
					"texture": "#0"
				},
				"west": {
					"uv": [0, 0, 0, 5.875],
					"texture": "#0"
				},
				"up": {
					"uv": [3.9375, 0, 0, 0],
					"texture": "#0"
				},
				"down": {
					"uv": [3.9375, 0, 0, 0],
					"texture": "#0"
				}
			}
		},
		{
			"from": [5.46154, 27.15385, 6.61538],
			"to": [10.76923, 27.61538, 10.07692],
			"rotation": {
				"angle": 0,
				"axis": "y",
				"origin": [8.23077, 27.15385, 7.76923]
			},
			"faces": {
				"north": {
					"uv": [8.375, 8.0625, 9.8125, 8.1875],
					"texture": "#0"
				},
				"east": {
					"uv": [8.625, 6.9375, 9.5625, 7.0625],
					"texture": "#0"
				},
				"south": {
					"uv": [8.625, 6.8125, 10.0625, 6.9375],
					"texture": "#0"
				},
				"west": {
					"uv": [8.75, 8.5625, 9.6875, 8.6875],
					"texture": "#0"
				},
				"up": {
					"uv": [4.9375, 6.8125, 3.5, 5.875],
					"texture": "#0"
				},
				"down": {
					"uv": [6.375, 5.875, 4.9375, 6.8125],
					"texture": "#0"
				}
			}
		},
		{
			"from": [9.61538, 27.61538, 7.07692],
			"to": [10.07692, 28.76923, 9.61538],
			"rotation": {
				"angle": 0,
				"axis": "y",
				"origin": [8.23077, 27.61538, 7.76923]
			},
			"faces": {
				"north": {
					"uv": [6.25, 6.8125, 6.375, 7.125],
					"texture": "#0"
				},
				"east": {
					"uv": [6.375, 8.5625, 7.0625, 8.875],
					"texture": "#0"
				},
				"south": {
					"uv": [8.8125, 7.625, 8.9375, 7.9375],
					"texture": "#0"
				},
				"west": {
					"uv": [8.625, 5.4375, 9.3125, 5.75],
					"texture": "#0"
				},
				"up": {
					"uv": [5.5, 9.3125, 5.375, 8.625],
					"texture": "#0"
				},
				"down": {
					"uv": [4.625, 8.75, 4.5, 9.4375],
					"texture": "#0"
				}
			}
		},
		{
			"from": [6.15385, 27.61538, 7.07692],
			"to": [6.61538, 28.76923, 9.61538],
			"rotation": {
				"angle": 0,
				"axis": "y",
				"origin": [4.76923, 27.61538, 7.76923]
			},
			"faces": {
				"north": {
					"uv": [8.875, 0, 9, 0.3125],
					"texture": "#0"
				},
				"east": {
					"uv": [8.625, 5.75, 9.3125, 6.0625],
					"texture": "#0"
				},
				"south": {
					"uv": [8.875, 2.125, 9, 2.4375],
					"texture": "#0"
				},
				"west": {
					"uv": [8.625, 6.5, 9.3125, 6.8125],
					"texture": "#0"
				},
				"up": {
					"uv": [4.75, 9.4375, 4.625, 8.75],
					"texture": "#0"
				},
				"down": {
					"uv": [4.875, 8.75, 4.75, 9.4375],
					"texture": "#0"
				}
			}
		},
		{
			"from": [9.15385, 27.61538, 7.07692],
			"to": [9.61538, 28.30769, 9.61538],
			"rotation": {
				"angle": 0,
				"axis": "y",
				"origin": [7.76923, 27.61538, 7.76923]
			},
			"faces": {
				"north": {
					"uv": [5.5, 8.1875, 5.625, 8.375],
					"texture": "#0"
				},
				"east": {
					"uv": [8.1875, 8.6875, 8.875, 8.875],
					"texture": "#0"
				},
				"south": {
					"uv": [5.625, 8.1875, 5.75, 8.375],
					"texture": "#0"
				},
				"west": {
					"uv": [8.75, 8.1875, 9.4375, 8.375],
					"texture": "#0"
				},
				"up": {
					"uv": [7.875, 9.5, 7.75, 8.8125],
					"texture": "#0"
				},
				"down": {
					"uv": [8, 8.8125, 7.875, 9.5],
					"texture": "#0"
				}
			}
		},
		{
			"from": [6.61538, 27.61538, 7.07692],
			"to": [7.07692, 28.30769, 9.61538],
			"rotation": {
				"angle": 0,
				"axis": "y",
				"origin": [5.23077, 27.61538, 7.76923]
			},
			"faces": {
				"north": {
					"uv": [8.4375, 5.4375, 8.5625, 5.625],
					"texture": "#0"
				},
				"east": {
					"uv": [8.75, 8.375, 9.4375, 8.5625],
					"texture": "#0"
				},
				"south": {
					"uv": [7.0625, 8.5625, 7.1875, 8.75],
					"texture": "#0"
				},
				"west": {
					"uv": [7.0625, 8.8125, 7.75, 9],
					"texture": "#0"
				},
				"up": {
					"uv": [8.125, 9.5, 8, 8.8125],
					"texture": "#0"
				},
				"down": {
					"uv": [9, 1.4375, 8.875, 2.125],
					"texture": "#0"
				}
			}
		},
		{
			"from": [7.07692, 27.61538, 6.84615],
			"to": [9.15385, 27.84615, 9.84615],
			"rotation": {
				"angle": 0,
				"axis": "y",
				"origin": [6.38462, 27.61538, 7.76923]
			},
			"faces": {
				"north": {
					"uv": [8.8125, 7.9375, 9.375, 8],
					"texture": "#0"
				},
				"east": {
					"uv": [8.8125, 7.5, 9.625, 7.5625],
					"texture": "#0"
				},
				"south": {
					"uv": [8.8125, 8, 9.375, 8.0625],
					"texture": "#0"
				},
				"west": {
					"uv": [8.8125, 7.5625, 9.625, 7.625],
					"texture": "#0"
				},
				"up": {
					"uv": [5.4375, 7.625, 4.875, 6.8125],
					"texture": "#0"
				},
				"down": {
					"uv": [6, 6.8125, 5.4375, 7.625],
					"texture": "#0"
				}
			}
		},
		{
			"from": [6.84615, 28.53846, 7.07692],
			"to": [9.38462, 30.84615, 9.61538],
			"rotation": {
				"angle": 0,
				"axis": "y",
				"origin": [8.23077, 28.53846, 8.46154]
			},
			"faces": {
				"north": {
					"uv": [7.375, 5.875, 8.0625, 6.5],
					"texture": "#0"
				},
				"east": {
					"uv": [6, 7.375, 6.6875, 8],
					"texture": "#0"
				},
				"south": {
					"uv": [7.375, 6.5, 8.0625, 7.125],
					"texture": "#0"
				},
				"west": {
					"uv": [6.6875, 7.375, 7.375, 8],
					"texture": "#0"
				},
				"up": {
					"uv": [4.1875, 7.5, 3.5, 6.8125],
					"texture": "#0"
				},
				"down": {
					"uv": [4.875, 6.8125, 4.1875, 7.5],
					"texture": "#0"
				}
			}
		},
		{
			"from": [7.53846, 30.84615, 8.23077],
			"to": [8, 32, 8.69231],
			"rotation": {
				"angle": 0,
				"axis": "y",
				"origin": [7.76923, 30.84615, 8.46154]
			},
			"faces": {
				"north": {
					"uv": [8.875, 3.4375, 9, 3.75],
					"texture": "#0"
				},
				"east": {
					"uv": [8.875, 3.75, 9, 4.0625],
					"texture": "#0"
				},
				"south": {
					"uv": [8.875, 4.0625, 9, 4.375],
					"texture": "#0"
				},
				"west": {
					"uv": [6.375, 8.875, 6.5, 9.1875],
					"texture": "#0"
				},
				"up": {
					"uv": [4.75, 7.625, 4.625, 7.5],
					"texture": "#0"
				},
				"down": {
					"uv": [4.875, 7.5, 4.75, 7.625],
					"texture": "#0"
				}
			}
		},
		{
			"from": [7.07692, 32, 7.30769],
			"to": [8.69231, 32, 8.69231],
			"rotation": {
				"angle": -22.5,
				"axis": "z",
				"origin": [7.76923, 30.84615, 8.46154]
			},
			"faces": {
				"north": {
					"uv": [0, 0, 0.4375, 0],
					"texture": "#0"
				},
				"east": {
					"uv": [0, 0, 0.375, 0],
					"texture": "#0"
				},
				"south": {
					"uv": [0, 0, 0.4375, 0],
					"texture": "#0"
				},
				"west": {
					"uv": [0, 0, 0.375, 0],
					"texture": "#0"
				},
				"up": {
					"uv": [3.9375, 9, 3.5, 8.625],
					"texture": "#0"
				},
				"down": {
					"uv": [5.375, 8.625, 4.9375, 9],
					"texture": "#0"
				}
			}
		},
		{
			"from": [7.53846, 27.84615, 7.76923],
			"to": [8.69231, 28.53846, 8.69231],
			"rotation": {
				"angle": 0,
				"axis": "y",
				"origin": [8.23077, 27.84615, 8]
			},
			"faces": {
				"north": {
					"uv": [6, 7.1875, 6.1875, 7.375],
					"texture": "#0"
				},
				"east": {
					"uv": [6, 6.8125, 6.25, 7],
					"texture": "#0"
				},
				"south": {
					"uv": [6.1875, 7.1875, 6.375, 7.375],
					"texture": "#0"
				},
				"west": {
					"uv": [6, 7, 6.25, 7.1875],
					"texture": "#0"
				},
				"up": {
					"uv": [5.9375, 7.875, 5.75, 7.625],
					"texture": "#0"
				},
				"down": {
					"uv": [8.0625, 5.625, 7.875, 5.875],
					"texture": "#0"
				}
			}
		},
		{
			"from": [6.15385, 8, 7.30769],
			"to": [10.07692, 27.38462, 9.61538],
			"rotation": {
				"angle": 0,
				"axis": "y",
				"origin": [8, 8, 8.23077]
			},
			"faces": {
				"north": {
					"uv": [0, 0, 2, 10.5],
					"texture": "#1"
				},
				"east": {
					"uv": [4, 0, 5.5, 10.5],
					"texture": "#1"
				},
				"south": {
					"uv": [2, 0, 4, 10.5],
					"texture": "#1"
				},
				"west": {
					"uv": [5.5, 0, 7, 10.5],
					"texture": "#1"
				},
				"up": {
					"uv": [9, 1.5, 7, 0],
					"texture": "#1"
				},
				"down": {
					"uv": [9, 1.5, 7, 3],
					"texture": "#1"
				}
			}
		}
	]
}