{
	"textures": {
		"0": "animated_java:blueprint/table/tablo",
		"particle": "minecraft:item/pufferfish"
	},
	"display": {
		"head": {
			"rotation": [0, 180, 0]
		}
	},
	"elements": [
		{
			"from": [5.42857, 8, 6.85714],
			"to": [10.85714, 32, 10.28571],
			"faces": {
				"north": {
					"uv": [0, 5.875, 1, 11.0625],
					"texture": "#0"
				},
				"east": {
					"uv": [2, 5.875, 2.75, 11.0625],
					"texture": "#0"
				},
				"south": {
					"uv": [1, 5.875, 2, 11.0625],
					"texture": "#0"
				},
				"west": {
					"uv": [2.75, 5.875, 3.5, 11.0625],
					"texture": "#0"
				},
				"up": {
					"uv": [7.375, 6.625, 6.375, 5.875],
					"texture": "#0"
				},
				"down": {
					"uv": [7.375, 6.625, 6.375, 7.375],
					"texture": "#0"
				}
			}
		}
	]
}