{
	"credit": "Made with Blockbench",
	"textures": {
		"0": "./texture",
		"particle": "./texture"
	},
	"elements": [
		{
			"from": [6, 0, 6],
			"to": [11, 1, 11],
			"faces": {
				"north": {"uv": [11, 5, 16, 6], "texture": "#0"},
				"east": {"uv": [1, 15, 6, 16], "texture": "#0"},
				"south": {"uv": [11, 5, 16, 6], "texture": "#0"},
				"west": {"uv": [1, 15, 6, 16], "texture": "#0"},
				"up": {"uv": [11, 7, 16, 12], "texture": "#0"},
				"down": {"uv": [11, 7, 16, 12], "texture": "#0"}
			}
		},
		{
			"from": [6, 1, 6],
			"to": [7, 6, 11],
			"faces": {
				"north": {"uv": [11, 0, 12, 5], "texture": "#0"},
				"east": {"uv": [11, 0, 16, 5], "texture": "#0"},
				"south": {"uv": [15, 0, 16, 5], "texture": "#0"},
				"west": {"uv": [11, 0, 16, 5], "texture": "#0"},
				"up": {"uv": [9, 0, 10, 5], "texture": "#0"},
				"down": {"uv": [5, 0, 6, 5], "texture": "#0"}
			}
		},
		{
			"from": [10, 1, 6],
			"to": [11, 6, 11],
			"faces": {
				"north": {"uv": [11, 0, 12, 5], "texture": "#0"},
				"east": {"uv": [11, 0, 16, 5], "texture": "#0"},
				"south": {"uv": [15, 0, 16, 5], "texture": "#0"},
				"west": {"uv": [11, 0, 16, 5], "texture": "#0"},
				"up": {"uv": [9, 0, 10, 5], "texture": "#0"},
				"down": {"uv": [5, 0, 6, 5], "texture": "#0"}
			}
		},
		{
			"from": [7, 1, 6],
			"to": [10, 6, 7],
			"faces": {
				"north": {"uv": [2, 10, 5, 15], "texture": "#0"},
				"east": {"uv": [1, 10, 2, 15], "texture": "#0"},
				"south": {"uv": [2, 10, 5, 15], "texture": "#0"},
				"west": {"uv": [5, 10, 6, 15], "texture": "#0"},
				"up": {"uv": [6, 0, 9, 1], "texture": "#0"},
				"down": {"uv": [6, 4, 9, 5], "texture": "#0"}
			}
		},
		{
			"from": [7, 1, 10],
			"to": [10, 6, 11],
			"faces": {
				"north": {"uv": [2, 10, 5, 15], "texture": "#0"},
				"east": {"uv": [1, 10, 2, 15], "texture": "#0"},
				"south": {"uv": [2, 10, 5, 15], "texture": "#0"},
				"west": {"uv": [5, 10, 6, 15], "texture": "#0"},
				"up": {"uv": [6, 0, 9, 1], "texture": "#0"},
				"down": {"uv": [6, 4, 9, 5], "texture": "#0"}
			}
		},
		{
			"from": [7, 5.4, 7],
			"to": [10, 5.4, 10],
			"faces": {
				"north": {"uv": [0, 0, 3, 0], "texture": "#0"},
				"east": {"uv": [0, 0, 3, 0], "texture": "#0"},
				"south": {"uv": [0, 0, 3, 0], "texture": "#0"},
				"west": {"uv": [0, 0, 3, 0], "texture": "#0"},
				"up": {"uv": [7, 8, 10, 11], "texture": "#0"},
				"down": {"uv": [0, 0, 3, 3], "texture": "#0"}
			}
		},
		{
			"from": [11, 1, 8],
			"to": [12, 2, 9],
			"faces": {
				"north": {"uv": [2, 2, 3, 3], "texture": "#0"},
				"east": {"uv": [2, 2, 3, 3], "texture": "#0"},
				"south": {"uv": [2, 2, 3, 3], "texture": "#0"},
				"west": {"uv": [2, 2, 3, 3], "texture": "#0"},
				"up": {"uv": [2, 2, 3, 3], "texture": "#0"},
				"down": {"uv": [2, 2, 3, 3], "texture": "#0"}
			}
		},
		{
			"from": [11, 4, 8],
			"to": [12, 5, 9],
			"faces": {
				"north": {"uv": [2, 2, 3, 3], "texture": "#0"},
				"east": {"uv": [2, 2, 3, 3], "texture": "#0"},
				"south": {"uv": [2, 2, 3, 3], "texture": "#0"},
				"west": {"uv": [2, 2, 3, 3], "texture": "#0"},
				"up": {"uv": [2, 2, 3, 3], "texture": "#0"},
				"down": {"uv": [2, 2, 3, 3], "texture": "#0"}
			}
		},
		{
			"from": [12, 1, 8],
			"to": [13, 5, 9],
			"faces": {
				"north": {"uv": [0, 2, 1, 6], "texture": "#0"},
				"east": {"uv": [0, 2, 1, 6], "texture": "#0"},
				"south": {"uv": [0, 2, 1, 6], "texture": "#0"},
				"west": {"uv": [0, 2, 1, 6], "texture": "#0"},
				"up": {"uv": [0, 2, 1, 3], "texture": "#0"},
				"down": {"uv": [0, 5, 1, 6], "texture": "#0"}
			}
		}
	],
	"display": {
		"thirdperson_righthand": {
			"rotation": [0, -90, 0],
			"translation": [0.5, 3.75, -3.5]
		},
		"thirdperson_lefthand": {
			"rotation": [0, 90, 0],
			"translation": [-0.5, 3.75, -3.5]
		},
		"firstperson_righthand": {
			"rotation": [0, -84, 0],
			"translation": [0, 8.75, 0]
		},
		"firstperson_lefthand": {
			"rotation": [0, 84, 0],
			"translation": [0, 8.75, 0]
		},
		"ground": {
			"translation": [0, 5.25, 0]
		},
		"gui": {
			"rotation": [30, 19, 0],
			"translation": [-1.5, 7, 0],
			"scale": [1.6, 1.58, 1.58]
		},
		"head": {
			"translation": [0, 14.5, 0]
		},
		"fixed": {
			"rotation": [-90, 0, 0],
			"translation": [-1.25, -0.5, -18],
			"scale": [2.2, 2.2, 2.2]
		}
	}
}